,a2_i,a2_j,a1_i,a1_j,b2_i,b2_j,b1_i,b1_j,y1,y2
0,6.0,3.0,6.0,3.0,,,4.0,3.0,1.0,0.0
1,6.0,4.0,6.0,2.0,,,4.0,4.0,1.0,0.0
2,6.0,5.0,6.0,2.0,,,,,1.0,0.0
3,6.0,4.0,6.0,1.0,,,3.0,4.0,1.0,0.0
4,6.0,4.0,6.0,1.0,,,2.0,4.0,1.0,0.0
5,6.0,3.0,6.0,1.0,,,,,3.0,0.0
6,6.0,3.0,6.0,2.0,,,,,3.0,0.0
7,6.0,3.0,6.0,3.0,,,,,3.0,0.0
8,6.0,3.0,6.0,4.0,,,,,3.0,0.0
9,5.0,3.0,,,,,,,2.0,0.0
10,5.0,4.0,6.0,4.0,,,1.0,4.0,2.0,0.0
11,5.0,4.0,6.0,4.0,,,0.0,4.0,2.0,0.0
12,5.0,4.0,6.0,4.0,,,1.0,4.0,2.0,0.0
13,4.0,4.0,,,,,2.0,4.0,2.0,0.0
14,4.0,5.0,,,,,,,2.0,0.0
15,4.0,6.0,,,,,,,2.0,0.0
16,4.0,6.0,,,,,2.0,6.0,2.0,0.0
17,3.0,6.0,,,,,,,2.0,0.0
18,3.0,5.0,,,,,,,1.0,0.0
19,3.0,5.0,,,,,,,1.0,0.0
20,3.0,5.0,,,,,,,1.0,0.0
21,2.0,5.0,,,,,2.0,3.0,1.0,0.0
22,2.0,6.0,6.0,6.0,,,2.0,4.0,0.0,0.0
23,2.0,5.0,,,,,2.0,3.0,1.0,0.0
24,3.0,5.0,6.0,5.0,,,,,1.0,0.0
25,3.0,5.0,5.0,5.0,,,3.0,2.0,1.0,0.0
26,2.0,5.0,,,,,,,1.0,0.0
27,3.0,5.0,,,,,,,1.0,0.0
28,3.0,6.0,,,,,,,0.0,0.0
29,4.0,6.0,,,,,4.0,2.0,0.0,0.0
30,3.0,6.0,,,,,,,0.0,0.0
31,4.0,6.0,,,,,,,0.0,0.0
32,3.0,6.0,,,,,,,0.0,0.0
33,3.0,6.0,,,,,,,0.0,0.0
34,3.0,5.0,,,,,,,0.0,0.0
35,4.0,5.0,,,,,,,0.0,0.0
36,3.0,5.0,,,,,,,0.0,0.0
37,4.0,5.0,,,,,,,0.0,0.0
38,4.0,4.0,,,,,,,0.0,0.0
39,4.0,5.0,,,,,,,0.0,0.0
40,4.0,6.0,,,,,4.0,4.0,0.0,0.0
41,3.0,6.0,,,,,,,0.0,0.0
42,4.0,6.0,,,,,,,0.0,0.0
43,3.0,6.0,,,,,,,0.0,0.0
44,2.0,6.0,,,,,,,0.0,0.0
45,2.0,5.0,,,,,4.0,5.0,0.0,0.0
46,2.0,4.0,,,,,,,0.0,0.0
47,1.0,4.0,,,,,,,0.0,0.0
48,1.0,5.0,,,,,,,0.0,0.0
49,1.0,6.0,,,1.0,4.0,,,0.0,0.0
50,0.0,6.0,,,,,3.0,6.0,3.0,0.0
51,0.0,6.0,,,,,3.0,6.0,3.0,0.0
52,0.0,6.0,,,,,3.0,6.0,3.0,0.0
53,0.0,6.0,,,,,,,2.0,0.0
54,1.0,6.0,,,1.0,5.0,3.0,6.0,0.0,0.0
55,1.0,5.0,,,0.0,5.0,3.0,5.0,0.0,0.0
56,2.0,5.0,,,,,4.0,5.0,0.0,1.0
57,3.0,5.0,,,,,3.0,5.0,0.0,1.0
58,3.0,5.0,,,,,2.0,5.0,2.0,0.0
59,4.0,5.0,,,,,,,2.0,1.0
60,4.0,5.0,,,,,,,1.0,0.0
61,3.0,5.0,,,,,3.0,3.0,1.0,0.0
62,4.0,5.0,,,,,,,1.0,0.0
63,4.0,5.0,,,,,,,1.0,1.0
64,4.0,4.0,,,,,,,1.0,0.0
65,4.0,3.0,,,,,,,2.0,1.0
66,4.0,4.0,,,,,,,2.0,1.0
67,4.0,3.0,,,,,,,2.0,1.0
68,5.0,3.0,,,,,,,2.0,1.0
69,4.0,3.0,,,,,,,2.0,0.0
70,3.0,3.0,,,,,0.0,3.0,2.0,0.0
71,4.0,3.0,,,,,,,2.0,0.0
72,5.0,3.0,,,,,,,2.0,0.0
73,5.0,3.0,5.0,2.0,,,0.0,3.0,2.0,0.0
74,5.0,4.0,,,,,,,2.0,0.0
75,5.0,4.0,,,,,,,2.0,0.0
76,5.0,3.0,5.0,1.0,,,,,2.0,0.0
77,6.0,3.0,6.0,1.0,,,0.0,3.0,1.0,0.0
78,6.0,4.0,6.0,2.0,,,,,1.0,0.0
79,6.0,5.0,,,,,,,1.0,0.0
80,6.0,4.0,,,,,,,1.0,0.0
81,6.0,4.0,,,,,,,1.0,0.0
82,6.0,3.0,6.0,2.0,,,0.0,3.0,1.0,0.0
83,6.0,3.0,6.0,2.0,,,1.0,3.0,1.0,0.0
84,6.0,3.0,,,,,2.0,3.0,1.0,0.0
85,6.0,3.0,,,,,,,3.0,0.0
86,6.0,2.0,5.0,2.0,,,,,3.0,0.0
87,5.0,2.0,5.0,3.0,,,,,2.0,0.0
88,4.0,2.0,5.0,2.0,,,,,2.0,0.0
89,4.0,2.0,5.0,2.0,,,,,2.0,0.0
90,5.0,2.0,4.0,2.0,,,,,2.0,0.0
91,5.0,3.0,,,,,3.0,3.0,2.0,0.0
92,6.0,3.0,,,,,2.0,3.0,1.0,1.0
93,6.0,3.0,,,,,1.0,3.0,1.0,0.0
94,6.0,3.0,6.0,1.0,,,1.0,3.0,1.0,0.0
95,6.0,4.0,6.0,1.0,,,1.0,4.0,1.0,0.0
96,6.0,3.0,6.0,1.0,,,,,3.0,0.0
97,6.0,2.0,6.0,1.0,,,,,3.0,0.0
98,6.0,3.0,6.0,1.0,,,,,3.0,0.0
99,5.0,3.0,,,,,1.0,3.0,2.0,0.0
100,5.0,2.0,6.0,2.0,,,,,2.0,0.0
101,4.0,2.0,6.0,2.0,,,,,2.0,0.0
102,3.0,2.0,,,,,,,3.0,0.0
103,3.0,1.0,,,,,,,3.0,0.0
104,4.0,1.0,,,,,,,3.0,0.0
105,4.0,1.0,,,,,,,3.0,0.0
106,4.0,1.0,,,,,,,3.0,0.0
107,5.0,1.0,,,,,,,3.0,0.0
108,5.0,0.0,,,,,,,2.0,0.0
109,4.0,0.0,,,,,,,2.0,0.0
110,4.0,0.0,,,,,,,2.0,0.0
111,3.0,0.0,,,,,3.0,4.0,0.0,0.0
112,3.0,0.0,,,,,3.0,3.0,0.0,0.0
113,3.0,0.0,,,,,3.0,3.0,0.0,0.0
114,3.0,1.0,6.0,1.0,3.0,2.0,3.0,2.0,3.0,0.0
115,3.0,2.0,,,3.0,3.0,3.0,1.0,1.0,0.0
116,4.0,2.0,,,,,3.0,2.0,2.0,0.0
117,4.0,2.0,,,3.0,2.0,,,2.0,0.0
118,3.0,2.0,,,3.0,2.0,3.0,3.0,3.0,0.0
119,3.0,1.0,,,3.0,3.0,,,3.0,0.0
120,4.0,1.0,6.0,1.0,,,,,2.0,0.0
121,4.0,1.0,,,4.0,4.0,,,2.0,0.0
122,4.0,0.0,,,4.0,5.0,,,2.0,1.0
123,5.0,0.0,,,,,2.0,0.0,2.0,1.0
124,6.0,0.0,6.0,2.0,,,3.0,0.0,1.0,0.0
125,5.0,0.0,,,,,3.0,0.0,2.0,0.0
126,6.0,0.0,6.0,2.0,,,2.0,0.0,1.0,0.0
127,6.0,0.0,6.0,2.0,,,3.0,0.0,1.0,0.0
128,5.0,0.0,,,,,3.0,0.0,2.0,0.0
129,6.0,0.0,6.0,2.0,,,3.0,0.0,1.0,0.0
130,6.0,0.0,6.0,2.0,,,,,0.0,0.0
131,5.0,0.0,,,,,3.0,0.0,2.0,0.0
132,6.0,0.0,6.0,2.0,,,,,0.0,0.0
133,6.0,0.0,6.0,2.0,,,,,0.0,0.0
134,5.0,0.0,5.0,2.0,,,,,2.0,0.0
135,5.0,1.0,,,,,3.0,1.0,2.0,0.0
136,6.0,1.0,6.0,2.0,,,,,3.0,0.0
137,6.0,0.0,6.0,2.0,,,,,0.0,0.0
138,6.0,0.0,6.0,3.0,,,,,0.0,0.0
139,6.0,0.0,6.0,4.0,,,3.0,0.0,1.0,0.0
140,5.0,0.0,5.0,4.0,,,,,2.0,0.0
141,5.0,0.0,5.0,3.0,,,,,2.0,0.0
142,5.0,0.0,5.0,2.0,,,,,2.0,0.0
143,5.0,0.0,5.0,3.0,,,,,2.0,0.0
144,5.0,0.0,,,,,,,2.0,0.0
145,5.0,1.0,5.0,3.0,,,2.0,1.0,2.0,0.0
146,5.0,0.0,,,,,2.0,0.0,2.0,0.0
147,5.0,0.0,,,,,2.0,0.0,2.0,0.0
148,5.0,1.0,,,,,,,2.0,0.0
149,5.0,0.0,5.0,3.0,,,2.0,0.0,2.0,0.0
150,5.0,0.0,,,,,,,2.0,0.0
151,5.0,1.0,5.0,3.0,,,1.0,1.0,2.0,0.0
152,4.0,1.0,,,,,,,2.0,0.0
153,5.0,1.0,5.0,1.0,,,,,2.0,0.0
154,5.0,2.0,,,,,1.0,2.0,2.0,0.0
155,5.0,3.0,,,,,1.0,3.0,2.0,1.0
156,5.0,2.0,3.0,2.0,,,1.0,2.0,2.0,1.0
157,5.0,3.0,,,,,,,2.0,1.0
158,4.0,3.0,,,,,,,2.0,1.0
159,3.0,3.0,3.0,1.0,,,,,1.0,1.0
160,2.0,3.0,,,2.0,6.0,,,1.0,1.0
161,2.0,2.0,2.0,2.0,2.0,5.0,,,1.0,1.0
162,1.0,2.0,,,,,1.0,0.0,1.0,1.0
163,2.0,2.0,2.0,2.0,,,2.0,0.0,1.0,1.0
164,2.0,3.0,,,,,2.0,0.0,1.0,1.0
165,2.0,2.0,,,,,,,1.0,1.0
166,2.0,1.0,3.0,1.0,,,,,0.0,1.0
167,2.0,0.0,2.0,1.0,,,2.0,0.0,0.0,1.0
168,3.0,0.0,,,3.0,4.0,3.0,0.0,0.0,1.0
169,3.0,1.0,,,3.0,5.0,3.0,1.0,0.0,1.0
170,3.0,0.0,,,,,3.0,1.0,0.0,1.0
171,3.0,1.0,,,3.0,5.0,3.0,1.0,0.0,1.0
172,2.0,1.0,,,,,3.0,1.0,0.0,1.0
173,2.0,2.0,2.0,2.0,,,2.0,1.0,1.0,1.0
174,3.0,2.0,3.0,2.0,,,,,1.0,1.0
175,4.0,2.0,,,4.0,4.0,,,1.0,1.0
176,4.0,3.0,,,4.0,4.0,,,1.0,1.0
177,4.0,4.0,,,4.0,5.0,,,1.0,1.0
178,4.0,4.0,,,4.0,5.0,,,1.0,1.0
179,4.0,5.0,,,3.0,5.0,,,1.0,1.0
180,5.0,5.0,,,4.0,5.0,,,1.0,1.0
181,6.0,5.0,,,,,,,1.0,1.0
182,5.0,5.0,,,4.0,5.0,,,1.0,1.0
183,6.0,5.0,,,,,,,1.0,1.0
184,6.0,6.0,,,,,,,0.0,1.0
185,5.0,6.0,,,5.0,5.0,,,2.0,1.0
186,4.0,6.0,,,,,,,2.0,1.0
187,4.0,6.0,,,4.0,4.0,,,2.0,1.0
188,5.0,6.0,,,5.0,4.0,,,2.0,2.0
189,5.0,5.0,,,5.0,4.0,,,1.0,1.0
190,5.0,6.0,,,,,,,2.0,1.0
191,5.0,5.0,,,,,,,1.0,2.0
192,6.0,5.0,,,6.0,3.0,,,1.0,2.0
193,6.0,5.0,,,6.0,4.0,,,1.0,2.0
194,6.0,5.0,,,,,,,1.0,1.0
195,6.0,6.0,,,,,,,0.0,1.0
196,5.0,6.0,,,5.0,4.0,,,2.0,2.0
197,4.0,6.0,,,,,,,2.0,2.0
198,5.0,6.0,,,5.0,4.0,,,2.0,2.0
199,5.0,5.0,,,5.0,3.0,,,2.0,2.0
200,5.0,5.0,,,5.0,2.0,,,2.0,2.0
201,5.0,4.0,,,5.0,1.0,,,2.0,2.0
202,5.0,3.0,,,5.0,1.0,1.0,3.0,2.0,2.0
203,5.0,4.0,,,,,,,2.0,2.0
204,4.0,4.0,,,4.0,1.0,,,2.0,2.0
205,3.0,4.0,,,,,,,1.0,2.0
206,2.0,4.0,,,,,,,0.0,2.0
207,2.0,3.0,,,,,,,0.0,2.0
208,2.0,2.0,,,,,,,3.0,2.0
209,2.0,1.0,,,5.0,1.0,,,3.0,2.0
210,2.0,1.0,,,5.0,1.0,,,3.0,2.0
211,1.0,1.0,1.0,1.0,6.0,1.0,,,3.0,2.0
212,1.0,0.0,1.0,0.0,,,,,0.0,2.0
213,1.0,1.0,,,,,1.0,4.0,3.0,2.0
214,1.0,0.0,0.0,0.0,,,1.0,3.0,0.0,2.0
215,0.0,0.0,1.0,0.0,,,,,1.0,2.0
216,0.0,0.0,0.0,0.0,,,,,1.0,2.0
217,0.0,0.0,0.0,0.0,,,0.0,1.0,2.0,2.0
218,0.0,0.0,0.0,1.0,,,,,1.0,2.0
219,1.0,0.0,0.0,0.0,,,,,0.0,2.0
220,0.0,0.0,0.0,0.0,,,,,1.0,2.0
221,0.0,0.0,0.0,1.0,,,,,1.0,2.0
222,0.0,1.0,0.0,1.0,6.0,1.0,1.0,1.0,1.0,2.0
223,0.0,1.0,0.0,0.0,5.0,1.0,,,3.0,2.0
224,0.0,1.0,0.0,1.0,,,1.0,1.0,1.0,2.0
225,0.0,2.0,,,,,1.0,2.0,1.0,2.0
226,0.0,2.0,,,,,1.0,2.0,1.0,2.0
227,0.0,3.0,,,,,0.0,2.0,1.0,2.0
228,0.0,3.0,,,,,,,1.0,2.0
229,0.0,3.0,,,,,,,1.0,2.0
230,1.0,3.0,,,,,1.0,2.0,1.0,2.0
231,1.0,2.0,,,,,1.0,1.0,1.0,2.0
232,0.0,2.0,,,,,,,1.0,2.0
233,0.0,2.0,,,,,,,1.0,2.0
234,1.0,2.0,,,,,1.0,0.0,1.0,2.0
235,1.0,3.0,,,,,,,1.0,2.0
236,0.0,3.0,,,,,0.0,0.0,1.0,2.0
237,0.0,2.0,3.0,2.0,4.0,2.0,0.0,0.0,1.0,2.0
238,0.0,3.0,,,4.0,3.0,0.0,1.0,1.0,1.0
239,1.0,3.0,,,5.0,3.0,,,1.0,1.0
240,1.0,4.0,,,,,,,1.0,1.0
241,0.0,4.0,,,,,0.0,0.0,1.0,1.0
242,0.0,4.0,,,3.0,4.0,0.0,0.0,1.0,1.0
243,0.0,4.0,,,,,0.0,0.0,1.0,1.0
244,0.0,3.0,,,,,0.0,0.0,1.0,1.0
245,0.0,3.0,,,,,0.0,0.0,1.0,1.0
246,0.0,4.0,,,,,0.0,0.0,1.0,1.0
247,0.0,4.0,,,3.0,4.0,0.0,0.0,1.0,1.0
248,1.0,4.0,,,4.0,4.0,1.0,0.0,1.0,1.0
249,1.0,4.0,,,,,1.0,0.0,1.0,1.0
250,1.0,4.0,,,4.0,4.0,,,1.0,1.0
251,1.0,5.0,,,,,,,1.0,1.0
252,2.0,5.0,2.0,0.0,,,,,1.0,1.0
253,2.0,6.0,2.0,0.0,,,,,0.0,1.0
254,1.0,6.0,1.0,0.0,,,,,0.0,1.0
255,1.0,5.0,1.0,0.0,5.0,5.0,,,1.0,1.0
256,1.0,5.0,,,,,,,1.0,1.0
257,1.0,5.0,,,,,,,1.0,1.0
258,1.0,5.0,,,,,,,1.0,1.0
259,1.0,6.0,,,,,,,0.0,2.0
260,0.0,6.0,,,,,,,2.0,1.0
261,0.0,5.0,,,,,,,1.0,1.0
262,0.0,4.0,,,,,,,1.0,2.0
263,0.0,4.0,,,,,,,1.0,2.0
264,0.0,3.0,,,,,,,1.0,2.0
265,0.0,2.0,2.0,2.0,,,3.0,2.0,1.0,2.0
266,0.0,2.0,,,,,2.0,2.0,1.0,2.0
267,0.0,2.0,,,,,3.0,2.0,1.0,2.0
268,1.0,2.0,,,,,,,0.0,1.0
269,0.0,2.0,,,5.0,2.0,,,1.0,1.0
270,0.0,2.0,,,,,,,1.0,1.0
271,1.0,2.0,,,,,,,0.0,1.0
272,1.0,3.0,,,5.0,3.0,,,0.0,1.0
273,0.0,3.0,,,6.0,3.0,,,1.0,1.0
274,0.0,4.0,,,,,,,1.0,1.0
275,0.0,4.0,,,,,,,1.0,1.0
276,0.0,3.0,,,,,4.0,3.0,1.0,2.0
277,0.0,4.0,,,,,,,1.0,2.0
278,1.0,4.0,,,,,,,0.0,2.0
279,2.0,4.0,,,,,,,0.0,2.0
280,2.0,3.0,,,,,4.0,3.0,0.0,2.0
281,2.0,4.0,,,,,,,0.0,2.0
282,1.0,4.0,,,,,,,0.0,2.0
283,0.0,4.0,,,,,,,1.0,2.0
284,0.0,4.0,,,,,4.0,4.0,1.0,2.0
285,0.0,3.0,,,,,,,3.0,2.0
286,1.0,3.0,,,,,,,0.0,2.0
287,1.0,4.0,,,,,,,0.0,0.0
288,1.0,5.0,,,,,,,0.0,0.0
289,0.0,5.0,,,,,,,1.0,2.0
290,0.0,5.0,,,,,3.0,5.0,1.0,2.0
291,0.0,5.0,,,,,2.0,5.0,1.0,2.0
292,1.0,5.0,,,,,2.0,5.0,0.0,2.0
293,2.0,5.0,,,,,1.0,5.0,2.0,2.0
294,1.0,5.0,,,,,1.0,4.0,1.0,3.0
295,0.0,5.0,,,,,,,1.0,3.0
296,0.0,5.0,,,,,,,1.0,3.0
297,0.0,6.0,,,,,,,2.0,3.0
298,0.0,6.0,,,,,,,2.0,3.0
299,1.0,6.0,,,,,,,0.0,3.0
300,1.0,5.0,,,,,,,1.0,3.0
301,1.0,5.0,,,,,,,0.0,3.0
302,1.0,5.0,,,,,,,1.0,3.0
303,1.0,4.0,,,,,1.0,3.0,1.0,3.0
304,1.0,4.0,6.0,4.0,,,1.0,3.0,1.0,3.0
305,1.0,3.0,,,,,0.0,3.0,2.0,3.0
306,2.0,3.0,,,,,1.0,3.0,2.0,3.0
307,2.0,3.0,,,,,1.0,3.0,2.0,3.0
308,2.0,2.0,,,,,,,2.0,3.0
309,2.0,1.0,,,,,,,2.0,0.0
310,3.0,1.0,,,3.0,3.0,,,2.0,0.0
311,3.0,2.0,,,,,,,2.0,0.0
312,4.0,2.0,,,,,,,2.0,3.0
313,4.0,2.0,,,,,,,2.0,2.0
314,4.0,3.0,,,,,,,2.0,3.0
315,4.0,2.0,,,,,,,2.0,3.0
316,5.0,2.0,,,,,,,2.0,3.0
317,4.0,2.0,,,6.0,2.0,,,2.0,3.0
318,5.0,2.0,,,,,,,2.0,3.0
319,5.0,3.0,,,,,,,2.0,3.0
320,4.0,3.0,,,,,,,2.0,3.0
321,4.0,3.0,,,,,,,2.0,3.0
322,5.0,3.0,,,5.0,3.0,,,2.0,0.0
323,6.0,3.0,,,,,,,3.0,3.0
324,6.0,3.0,,,6.0,2.0,,,3.0,3.0
325,6.0,3.0,,,6.0,2.0,,,3.0,3.0
326,6.0,3.0,,,6.0,1.0,,,3.0,3.0
327,5.0,3.0,5.0,5.0,,,,,2.0,3.0
328,4.0,3.0,,,,,,,2.0,3.0
329,4.0,2.0,,,,,,,2.0,3.0
330,5.0,2.0,5.0,5.0,,,,,2.0,3.0
331,4.0,2.0,,,,,,,2.0,3.0
332,4.0,1.0,4.0,4.0,,,,,3.0,3.0
333,5.0,1.0,,,,,,,2.0,3.0
334,4.0,1.0,,,,,,,2.0,3.0
335,4.0,0.0,,,,,,,2.0,3.0
336,3.0,0.0,,,,,,,2.0,2.0
337,2.0,0.0,,,,,,,2.0,3.0
338,1.0,0.0,,,,,1.0,4.0,0.0,3.0
339,1.0,1.0,,,6.0,1.0,,,3.0,3.0
340,1.0,2.0,,,,,,,3.0,3.0
341,1.0,2.0,,,,,,,3.0,3.0
342,1.0,2.0,,,,,,,3.0,3.0
343,1.0,2.0,,,,,,,3.0,3.0
344,2.0,2.0,,,,,,,2.0,3.0
345,2.0,2.0,,,,,0.0,2.0,2.0,3.0
346,1.0,2.0,,,,,1.0,2.0,0.0,3.0
347,1.0,1.0,,,,,1.0,1.0,0.0,3.0
348,2.0,1.0,,,,,,,2.0,3.0
349,3.0,1.0,,,4.0,1.0,,,2.0,3.0
350,3.0,2.0,4.0,2.0,,,,,2.0,3.0
351,3.0,2.0,5.0,2.0,,,,,2.0,0.0
352,4.0,2.0,5.0,2.0,4.0,1.0,,,2.0,0.0
353,4.0,3.0,,,,,,,2.0,0.0
354,4.0,4.0,,,4.0,1.0,,,2.0,0.0
355,4.0,4.0,,,4.0,1.0,,,2.0,0.0
356,5.0,4.0,,,,,,,2.0,0.0
357,5.0,5.0,,,,,,,2.0,3.0
358,5.0,6.0,,,,,,,2.0,0.0
359,5.0,6.0,,,,,,,2.0,0.0
360,6.0,6.0,6.0,3.0,,,,,0.0,0.0
361,6.0,6.0,6.0,4.0,,,,,0.0,0.0
362,6.0,6.0,6.0,4.0,,,,,0.0,0.0
363,6.0,6.0,6.0,4.0,,,,,0.0,3.0
364,6.0,6.0,6.0,4.0,,,,,0.0,0.0
365,6.0,6.0,6.0,3.0,,,,,0.0,0.0
366,6.0,6.0,,,6.0,3.0,,,0.0,2.0
367,5.0,6.0,5.0,3.0,5.0,3.0,,,2.0,0.0
368,5.0,6.0,5.0,3.0,5.0,4.0,,,2.0,1.0
369,6.0,6.0,,,,,,,0.0,0.0
370,5.0,6.0,5.0,3.0,,,,,2.0,0.0
371,5.0,5.0,5.0,4.0,,,,,2.0,0.0
372,4.0,5.0,,,,,0.0,5.0,2.0,0.0
373,4.0,6.0,,,,,,,2.0,0.0
374,4.0,6.0,6.0,6.0,,,0.0,6.0,2.0,0.0
375,4.0,5.0,,,,,,,2.0,0.0
376,3.0,5.0,,,,,,,2.0,0.0
377,4.0,5.0,,,,,,,2.0,0.0
378,3.0,5.0,,,,,,,2.0,0.0
379,3.0,5.0,,,,,1.0,5.0,2.0,0.0
380,3.0,6.0,5.0,6.0,,,,,2.0,0.0
381,4.0,6.0,4.0,6.0,,,,,2.0,0.0
382,4.0,6.0,4.0,6.0,,,,,2.0,0.0
383,5.0,6.0,3.0,6.0,,,,,2.0,0.0
384,5.0,5.0,,,,,,,2.0,0.0
385,4.0,5.0,,,,,,,1.0,0.0
386,4.0,5.0,4.0,6.0,,,4.0,3.0,1.0,0.0
387,5.0,5.0,,,,,5.0,3.0,1.0,0.0
388,6.0,5.0,,,,,,,1.0,3.0
389,6.0,5.0,,,,,,,1.0,0.0
390,6.0,4.0,,,0.0,4.0,,,1.0,0.0
391,6.0,4.0,,,,,,,1.0,0.0
392,6.0,4.0,,,,,,,1.0,3.0
393,6.0,3.0,,,,,,,1.0,3.0
394,6.0,4.0,,,,,,,1.0,0.0
395,6.0,4.0,,,,,,,1.0,0.0
396,6.0,4.0,3.0,4.0,,,,,1.0,0.0
397,6.0,5.0,,,,,,,1.0,0.0
398,6.0,5.0,,,,,,,1.0,0.0
399,6.0,5.0,,,,,,,1.0,0.0
400,6.0,6.0,,,,,,,0.0,0.0
401,5.0,6.0,,,,,,,2.0,0.0
402,5.0,5.0,2.0,5.0,,,1.0,5.0,2.0,0.0
403,5.0,6.0,,,,,1.0,6.0,2.0,0.0
404,5.0,5.0,3.0,5.0,,,,,2.0,0.0
405,5.0,5.0,3.0,5.0,,,,,2.0,3.0
406,5.0,4.0,,,,,,,2.0,3.0
407,5.0,3.0,,,,,,,2.0,3.0
408,5.0,2.0,,,,,,,3.0,3.0
409,5.0,2.0,,,2.0,2.0,,,3.0,3.0
410,5.0,1.0,,,,,,,3.0,3.0
411,4.0,1.0,,,,,,,3.0,3.0
412,4.0,1.0,,,,,,,3.0,3.0
413,5.0,1.0,,,2.0,1.0,,,3.0,3.0
414,5.0,0.0,,,2.0,0.0,,,2.0,3.0
415,5.0,0.0,,,2.0,0.0,,,2.0,3.0
416,5.0,0.0,,,,,,,2.0,3.0
417,5.0,1.0,,,,,,,2.0,3.0
418,5.0,2.0,5.0,6.0,,,,,2.0,3.0
419,5.0,2.0,,,,,,,2.0,3.0
420,5.0,2.0,,,,,,,2.0,3.0
421,5.0,2.0,,,,,,,2.0,3.0
422,4.0,2.0,,,,,,,3.0,3.0
423,4.0,1.0,,,2.0,1.0,,,3.0,3.0
424,5.0,1.0,5.0,6.0,,,,,3.0,3.0
425,5.0,2.0,5.0,5.0,1.0,2.0,,,2.0,0.0
426,5.0,1.0,,,,,,,3.0,0.0
427,5.0,1.0,,,,,,,3.0,3.0
428,5.0,2.0,,,2.0,2.0,,,2.0,3.0
429,4.0,2.0,,,1.0,2.0,,,2.0,3.0
430,3.0,2.0,,,2.0,2.0,,,2.0,3.0
431,3.0,3.0,,,,,,,2.0,3.0
432,2.0,3.0,,,,,,,3.0,3.0
433,2.0,2.0,,,,,,,3.0,3.0
434,3.0,2.0,,,,,,,3.0,3.0
435,2.0,2.0,,,,,,,3.0,3.0
436,3.0,2.0,,,3.0,2.0,,,3.0,3.0
437,3.0,3.0,,,3.0,3.0,,,3.0,3.0
438,3.0,3.0,,,2.0,3.0,,,3.0,3.0
439,3.0,2.0,,,2.0,2.0,,,3.0,3.0
440,3.0,3.0,,,,,,,3.0,3.0
441,3.0,4.0,,,,,,,2.0,3.0
442,3.0,5.0,4.0,5.0,,,1.0,5.0,2.0,3.0
443,3.0,5.0,3.0,5.0,,,,,2.0,3.0
444,2.0,5.0,2.0,5.0,2.0,0.0,,,2.0,3.0
445,2.0,5.0,2.0,5.0,,,,,2.0,3.0
446,2.0,5.0,1.0,5.0,,,,,1.0,3.0
447,3.0,5.0,1.0,5.0,,,,,1.0,3.0
448,3.0,5.0,2.0,5.0,,,,,1.0,3.0
449,4.0,5.0,,,,,,,2.0,3.0
450,3.0,5.0,2.0,5.0,,,,,2.0,3.0
451,3.0,6.0,3.0,5.0,,,,,2.0,3.0
452,4.0,6.0,,,,,,,2.0,3.0
453,5.0,6.0,,,,,,,2.0,3.0
454,5.0,6.0,,,,,,,2.0,3.0
455,5.0,6.0,,,,,,,2.0,3.0
456,5.0,5.0,,,,,,,2.0,0.0
457,5.0,6.0,,,,,,,2.0,0.0
458,5.0,6.0,4.0,6.0,,,,,2.0,0.0
459,4.0,6.0,4.0,6.0,,,,,2.0,0.0
460,3.0,6.0,3.0,6.0,,,,,2.0,3.0
461,3.0,6.0,3.0,6.0,,,,,2.0,3.0
462,3.0,6.0,4.0,6.0,,,,,2.0,0.0
463,3.0,6.0,4.0,6.0,,,,,2.0,0.0
464,3.0,5.0,,,,,,,1.0,0.0
465,2.0,5.0,,,,,,,1.0,3.0
466,1.0,5.0,,,,,,,1.0,0.0
467,1.0,6.0,4.0,6.0,,,,,2.0,0.0
468,1.0,6.0,4.0,6.0,,,1.0,3.0,0.0,0.0
469,0.0,6.0,4.0,6.0,0.0,3.0,,,2.0,0.0
470,0.0,5.0,4.0,5.0,0.0,2.0,,,1.0,0.0
471,0.0,5.0,5.0,5.0,,,,,1.0,0.0
472,0.0,5.0,,,,,,,1.0,0.0
473,1.0,5.0,,,1.0,3.0,,,0.0,0.0
474,1.0,5.0,,,1.0,2.0,,,0.0,0.0
475,0.0,5.0,,,0.0,2.0,,,1.0,0.0
476,0.0,4.0,,,,,1.0,4.0,1.0,0.0
477,0.0,4.0,,,,,,,3.0,0.0
478,1.0,4.0,,,1.0,3.0,1.0,4.0,0.0,0.0
479,1.0,3.0,,,1.0,2.0,1.0,5.0,3.0,0.0
480,2.0,3.0,,,,,,,2.0,0.0
481,2.0,3.0,,,,,,,3.0,3.0
482,2.0,4.0,,,,,2.0,5.0,3.0,0.0
483,1.0,4.0,,,1.0,1.0,,,3.0,0.0
484,0.0,4.0,,,,,,,3.0,0.0
485,0.0,3.0,,,,,,,3.0,0.0
486,0.0,4.0,,,,,,,3.0,0.0
487,1.0,4.0,,,1.0,2.0,1.0,6.0,3.0,0.0
488,1.0,4.0,,,1.0,2.0,1.0,5.0,3.0,3.0
489,1.0,5.0,,,1.0,3.0,0.0,5.0,2.0,0.0
490,1.0,6.0,4.0,6.0,1.0,2.0,1.0,5.0,0.0,3.0
491,1.0,5.0,,,1.0,3.0,2.0,5.0,0.0,0.0
492,0.0,5.0,,,0.0,3.0,,,1.0,0.0
493,1.0,5.0,,,,,,,0.0,0.0
494,2.0,5.0,,,,,,,0.0,0.0
495,3.0,5.0,,,,,3.0,3.0,1.0,0.0
496,3.0,5.0,,,,,3.0,3.0,1.0,0.0
497,2.0,5.0,,,,,2.0,3.0,1.0,0.0
498,2.0,6.0,,,,,2.0,2.0,0.0,0.0
499,3.0,6.0,5.0,6.0,,,,,2.0,0.0
500,3.0,6.0,6.0,6.0,,,,,2.0,0.0
501,3.0,5.0,6.0,5.0,,,,,1.0,0.0
502,3.0,5.0,6.0,5.0,,,3.0,3.0,1.0,0.0
503,3.0,5.0,6.0,5.0,,,3.0,3.0,1.0,0.0
504,3.0,6.0,6.0,6.0,,,3.0,3.0,0.0,0.0
505,3.0,6.0,,,,,,,2.0,0.0
506,4.0,6.0,,,,,,,2.0,0.0
507,4.0,6.0,,,,,,,2.0,0.0
508,5.0,6.0,,,,,,,2.0,0.0
509,4.0,6.0,,,,,,,2.0,0.0
510,5.0,6.0,,,,,,,2.0,0.0
511,5.0,6.0,,,,,,,2.0,0.0
512,5.0,6.0,,,,,,,2.0,0.0
513,6.0,6.0,6.0,0.0,,,,,0.0,0.0
514,6.0,5.0,6.0,1.0,,,,,1.0,0.0
515,6.0,5.0,6.0,1.0,,,,,1.0,0.0
516,6.0,5.0,,,,,,,1.0,0.0
517,5.0,5.0,5.0,1.0,,,,,1.0,0.0
518,5.0,6.0,5.0,1.0,,,,,2.0,0.0
519,5.0,6.0,,,,,,,2.0,0.0
520,5.0,6.0,,,,,,,2.0,0.0
521,5.0,6.0,,,,,,,2.0,1.0
522,5.0,6.0,,,,,,,2.0,1.0
523,4.0,6.0,,,4.0,3.0,,,2.0,1.0
524,3.0,6.0,,,,,,,0.0,1.0
525,3.0,5.0,,,,,,,1.0,1.0
526,4.0,5.0,,,4.0,2.0,,,1.0,1.0
527,4.0,6.0,,,,,4.0,2.0,0.0,1.0
528,4.0,5.0,4.0,0.0,,,4.0,3.0,1.0,1.0
529,5.0,5.0,,,5.0,2.0,,,1.0,1.0
530,5.0,6.0,,,,,,,2.0,2.0
531,4.0,6.0,,,,,,,2.0,2.0
532,5.0,6.0,,,,,,,2.0,2.0
533,5.0,6.0,,,,,,,2.0,2.0
534,4.0,6.0,,,,,,,2.0,2.0
535,4.0,6.0,,,,,,,2.0,2.0
536,4.0,6.0,,,,,,,2.0,2.0
537,4.0,6.0,,,,,4.0,4.0,0.0,2.0
538,3.0,6.0,,,,,,,0.0,2.0
539,2.0,6.0,2.0,3.0,,,4.0,6.0,0.0,2.0
540,2.0,5.0,2.0,4.0,,,,,0.0,2.0
541,3.0,5.0,,,,,,,0.0,2.0
542,2.0,5.0,1.0,5.0,,,,,0.0,2.0
543,3.0,5.0,,,,,6.0,5.0,0.0,2.0
544,3.0,4.0,1.0,4.0,,,,,0.0,2.0
545,3.0,3.0,,,,,,,0.0,2.0
546,3.0,4.0,2.0,4.0,,,5.0,4.0,0.0,2.0
547,2.0,4.0,2.0,4.0,,,5.0,4.0,0.0,2.0
548,2.0,3.0,2.0,4.0,,,,,0.0,2.0
549,3.0,3.0,,,6.0,3.0,,,0.0,2.0
550,3.0,4.0,,,,,,,0.0,2.0
551,2.0,4.0,,,,,,,0.0,2.0
552,2.0,4.0,,,,,,,0.0,2.0
553,2.0,4.0,,,,,4.0,4.0,0.0,2.0
554,1.0,4.0,1.0,6.0,,,,,0.0,3.0
555,1.0,5.0,1.0,5.0,,,4.0,5.0,0.0,2.0
556,1.0,6.0,1.0,4.0,,,,,0.0,2.0
557,1.0,5.0,,,,,,,0.0,2.0
558,0.0,5.0,2.0,5.0,,,3.0,5.0,1.0,3.0
559,0.0,4.0,,,,,3.0,4.0,1.0,3.0
560,1.0,4.0,,,,,,,0.0,3.0
561,1.0,3.0,,,,,,,0.0,3.0
562,1.0,3.0,,,,,,,0.0,3.0
563,2.0,3.0,,,,,3.0,3.0,0.0,3.0
564,2.0,2.0,,,2.0,1.0,,,0.0,3.0
565,2.0,2.0,,,,,3.0,2.0,0.0,3.0
566,2.0,1.0,,,,,,,0.0,3.0
567,2.0,1.0,,,1.0,1.0,,,0.0,3.0
568,2.0,0.0,,,2.0,1.0,,,0.0,3.0
569,3.0,0.0,,,,,3.0,2.0,0.0,3.0
570,4.0,0.0,4.0,6.0,,,4.0,2.0,0.0,3.0
571,4.0,0.0,4.0,6.0,,,4.0,3.0,0.0,3.0
572,4.0,0.0,,,,,4.0,3.0,0.0,0.0
573,4.0,1.0,4.0,6.0,1.0,1.0,,,3.0,3.0
574,4.0,2.0,,,,,,,2.0,3.0
575,5.0,2.0,,,,,,,2.0,3.0
576,6.0,2.0,,,,,,,3.0,3.0
577,6.0,3.0,,,,,,,3.0,3.0
578,6.0,3.0,,,,,,,3.0,3.0
579,6.0,2.0,,,,,,,3.0,3.0
580,5.0,2.0,,,,,,,2.0,3.0
581,5.0,3.0,5.0,5.0,,,,,2.0,3.0
582,6.0,3.0,,,,,,,3.0,3.0
583,6.0,2.0,,,,,,,3.0,3.0
584,5.0,2.0,,,,,,,2.0,3.0
585,4.0,2.0,,,4.0,1.0,,,2.0,3.0
586,4.0,2.0,,,,,,,2.0,3.0
587,4.0,1.0,,,,,,,3.0,3.0
588,4.0,1.0,,,5.0,1.0,,,3.0,3.0
589,5.0,1.0,,,4.0,1.0,,,3.0,3.0
590,4.0,1.0,,,4.0,0.0,,,3.0,3.0
591,5.0,1.0,,,4.0,1.0,,,3.0,3.0
592,6.0,1.0,,,,,,,3.0,3.0
593,6.0,2.0,,,3.0,2.0,,,3.0,3.0
594,6.0,3.0,,,,,,,3.0,3.0
595,6.0,3.0,,,,,,,3.0,3.0
596,6.0,4.0,,,,,,,3.0,3.0
597,5.0,4.0,,,,,,,3.0,3.0
598,6.0,4.0,,,,,,,3.0,0.0
599,6.0,5.0,4.0,5.0,,,3.0,5.0,1.0,3.0
600,6.0,5.0,,,,,4.0,5.0,1.0,3.0
601,5.0,5.0,,,,,,,1.0,0.0
602,5.0,5.0,,,,,,,2.0,0.0
603,6.0,5.0,,,,,,,1.0,0.0
604,6.0,5.0,,,,,,,1.0,0.0
605,6.0,4.0,,,,,,,1.0,0.0
606,6.0,4.0,2.0,4.0,,,,,1.0,0.0
607,5.0,4.0,3.0,4.0,,,,,1.0,0.0
608,6.0,4.0,2.0,4.0,,,,,1.0,0.0
609,6.0,3.0,,,,,,,1.0,0.0
610,6.0,2.0,,,,,,,1.0,0.0
611,6.0,2.0,,,,,,,1.0,0.0
612,5.0,2.0,,,,,,,2.0,0.0
613,5.0,1.0,,,,,2.0,1.0,2.0,0.0
614,6.0,1.0,,,,,1.0,1.0,1.0,0.0
615,5.0,1.0,,,,,1.0,1.0,2.0,0.0
616,5.0,2.0,,,,,,,2.0,0.0
617,5.0,3.0,5.0,6.0,,,,,2.0,0.0
618,6.0,3.0,,,,,,,1.0,0.0
619,6.0,2.0,,,,,,,1.0,0.0
620,6.0,3.0,,,,,,,1.0,0.0
621,6.0,2.0,,,,,,,1.0,0.0
622,6.0,3.0,,,,,,,1.0,0.0
623,6.0,3.0,,,,,,,1.0,0.0
624,6.0,3.0,5.0,3.0,,,,,1.0,0.0
625,6.0,3.0,,,,,,,1.0,0.0
626,5.0,3.0,5.0,3.0,3.0,3.0,,,2.0,0.0
627,5.0,3.0,5.0,2.0,4.0,3.0,,,2.0,0.0
628,6.0,3.0,,,,,,,1.0,0.0
629,6.0,3.0,,,,,,,1.0,0.0
630,6.0,4.0,,,,,,,1.0,0.0
631,5.0,4.0,,,,,,,2.0,0.0
632,5.0,5.0,,,,,,,1.0,3.0
633,5.0,4.0,,,,,,,2.0,3.0
634,5.0,5.0,,,,,,,1.0,0.0
635,5.0,5.0,,,,,,,2.0,0.0
636,4.0,5.0,,,,,,,1.0,0.0
637,3.0,5.0,3.0,0.0,,,,,1.0,0.0
638,3.0,6.0,3.0,1.0,3.0,1.0,,,2.0,0.0
639,4.0,6.0,,,,,,,2.0,0.0
640,4.0,6.0,,,,,,,2.0,2.0
641,4.0,6.0,,,4.0,1.0,,,2.0,2.0
642,4.0,5.0,,,,,,,1.0,2.0
643,3.0,5.0,3.0,1.0,,,,,1.0,2.0
644,3.0,4.0,,,,,,,2.0,2.0
645,3.0,3.0,,,,,,,2.0,2.0
646,2.0,3.0,,,,,,,2.0,1.0
647,2.0,3.0,,,5.0,3.0,,,1.0,1.0
648,2.0,3.0,4.0,3.0,,,,,1.0,2.0
649,1.0,3.0,,,,,,,1.0,2.0
650,1.0,3.0,,,,,,,0.0,1.0
651,1.0,4.0,,,,,,,0.0,1.0
652,2.0,4.0,,,,,,,0.0,1.0
653,1.0,4.0,,,6.0,4.0,,,0.0,1.0
654,1.0,4.0,,,6.0,4.0,,,0.0,1.0
655,1.0,3.0,,,,,,,0.0,1.0
656,1.0,3.0,,,6.0,3.0,,,0.0,1.0
657,0.0,3.0,,,,,,,1.0,2.0
658,1.0,3.0,,,,,,,0.0,2.0
659,1.0,2.0,3.0,2.0,,,6.0,2.0,0.0,2.0
660,2.0,2.0,2.0,2.0,6.0,2.0,5.0,2.0,0.0,2.0
661,1.0,2.0,1.0,2.0,,,,,0.0,2.0
662,1.0,3.0,,,,,5.0,3.0,0.0,2.0
663,1.0,4.0,,,,,,,0.0,2.0
664,1.0,5.0,,,,,,,0.0,2.0
665,1.0,5.0,,,,,,,1.0,2.0
666,2.0,5.0,,,,,2.0,2.0,1.0,2.0
667,3.0,5.0,,,,,,,1.0,2.0
668,3.0,4.0,,,,,,,1.0,2.0
669,3.0,4.0,,,,,,,1.0,2.0
670,3.0,3.0,,,,,,,1.0,2.0
671,3.0,4.0,2.0,4.0,,,3.0,1.0,1.0,2.0
672,3.0,5.0,3.0,4.0,,,3.0,0.0,1.0,2.0
673,3.0,4.0,3.0,3.0,,,3.0,1.0,1.0,2.0
674,2.0,4.0,,,,,,,1.0,2.0
675,2.0,3.0,,,6.0,3.0,,,1.0,2.0
676,2.0,3.0,,,,,,,0.0,2.0
677,2.0,2.0,,,6.0,2.0,4.0,2.0,0.0,2.0
678,1.0,2.0,,,5.0,2.0,,,0.0,1.0
679,1.0,1.0,,,,,4.0,1.0,0.0,1.0
680,1.0,2.0,,,,,,,0.0,1.0
681,2.0,2.0,,,4.0,2.0,,,0.0,1.0
682,2.0,1.0,,,,,,,0.0,1.0
683,2.0,2.0,,,,,,,1.0,1.0
684,2.0,3.0,,,,,,,1.0,1.0
685,3.0,3.0,,,4.0,3.0,,,1.0,1.0
686,2.0,3.0,,,3.0,3.0,,,0.0,1.0
687,3.0,3.0,3.0,1.0,3.0,4.0,,,0.0,1.0
688,4.0,3.0,,,4.0,4.0,,,1.0,1.0
689,5.0,3.0,,,,,,,1.0,1.0
690,5.0,4.0,,,3.0,4.0,,,1.0,1.0
691,5.0,4.0,,,,,,,1.0,1.0
692,6.0,4.0,,,,,,,1.0,1.0
693,6.0,3.0,,,,,,,1.0,1.0
694,5.0,3.0,,,5.0,5.0,5.0,0.0,1.0,1.0
695,5.0,3.0,,,5.0,5.0,5.0,0.0,1.0,1.0
696,5.0,4.0,,,5.0,5.0,5.0,1.0,1.0,1.0
697,6.0,4.0,,,,,,,1.0,1.0
698,6.0,4.0,,,,,,,1.0,1.0
699,6.0,4.0,,,6.0,5.0,,,1.0,2.0
700,6.0,4.0,3.0,4.0,6.0,4.0,6.0,1.0,1.0,2.0
701,6.0,4.0,,,6.0,4.0,6.0,1.0,1.0,2.0
702,6.0,4.0,3.0,4.0,6.0,4.0,6.0,0.0,1.0,2.0
703,6.0,5.0,3.0,5.0,6.0,4.0,6.0,1.0,1.0,2.0
704,6.0,5.0,2.0,5.0,6.0,4.0,6.0,2.0,1.0,2.0
705,6.0,5.0,,,6.0,4.0,6.0,2.0,1.0,2.0
706,5.0,5.0,2.0,5.0,,,,,1.0,2.0
707,5.0,6.0,,,,,,,0.0,2.0
708,5.0,6.0,,,,,,,0.0,2.0
709,5.0,6.0,,,5.0,2.0,5.0,3.0,0.0,2.0
710,4.0,6.0,,,,,,,0.0,2.0
711,4.0,5.0,,,,,,,0.0,2.0
712,5.0,5.0,,,,,,,1.0,2.0
713,5.0,5.0,,,,,,,1.0,2.0
714,5.0,4.0,0.0,4.0,5.0,2.0,,,0.0,2.0
715,6.0,4.0,,,6.0,2.0,,,1.0,2.0
716,6.0,4.0,,,6.0,1.0,,,1.0,2.0
717,6.0,3.0,,,6.0,1.0,,,1.0,2.0
718,6.0,3.0,1.0,3.0,6.0,1.0,,,1.0,2.0
719,5.0,3.0,1.0,3.0,,,,,2.0,2.0
720,5.0,2.0,,,6.0,2.0,2.0,2.0,2.0,2.0
721,5.0,1.0,,,6.0,1.0,,,2.0,2.0
722,5.0,0.0,,,,,,,2.0,2.0
723,5.0,0.0,,,5.0,1.0,,,2.0,2.0
724,5.0,0.0,,,,,,,2.0,2.0
725,5.0,1.0,,,,,,,2.0,2.0
726,5.0,0.0,,,,,,,2.0,2.0
727,4.0,0.0,,,,,4.0,2.0,0.0,2.0
728,5.0,0.0,,,5.0,1.0,,,2.0,2.0
729,5.0,0.0,,,5.0,2.0,,,2.0,2.0
730,5.0,0.0,,,5.0,2.0,,,2.0,2.0
731,5.0,0.0,,,,,,,2.0,2.0
732,5.0,0.0,,,,,,,2.0,2.0
733,5.0,0.0,,,4.0,0.0,,,2.0,2.0
734,5.0,0.0,,,4.0,0.0,,,2.0,2.0
735,5.0,0.0,,,3.0,0.0,5.0,2.0,0.0,3.0
736,5.0,1.0,,,,,5.0,1.0,0.0,3.0
737,5.0,0.0,,,4.0,0.0,5.0,1.0,0.0,2.0
738,5.0,0.0,,,4.0,0.0,5.0,0.0,0.0,2.0
739,6.0,0.0,,,5.0,0.0,4.0,0.0,1.0,2.0
740,6.0,0.0,,,,,,,0.0,2.0
741,6.0,1.0,,,4.0,1.0,3.0,1.0,1.0,2.0
742,5.0,1.0,,,5.0,1.0,3.0,1.0,2.0,2.0
743,5.0,2.0,,,5.0,2.0,,,1.0,2.0
744,5.0,1.0,,,5.0,2.0,3.0,1.0,2.0,2.0
745,6.0,1.0,2.0,1.0,5.0,1.0,4.0,1.0,1.0,2.0
746,6.0,2.0,,,,,,,1.0,2.0
747,6.0,3.0,,,,,,,1.0,2.0
748,6.0,4.0,,,,,,,1.0,2.0
749,5.0,4.0,,,,,5.0,0.0,1.0,2.0
750,5.0,3.0,2.0,3.0,,,5.0,0.0,1.0,2.0
751,4.0,3.0,,,,,,,1.0,2.0
752,4.0,2.0,,,,,,,0.0,2.0
753,4.0,1.0,,,,,,,0.0,2.0
754,4.0,2.0,,,,,,,1.0,2.0
755,5.0,2.0,,,6.0,2.0,,,1.0,2.0
756,5.0,2.0,,,6.0,2.0,,,0.0,2.0
757,5.0,3.0,,,,,,,0.0,2.0
758,5.0,4.0,4.0,4.0,5.0,1.0,,,1.0,3.0
759,5.0,5.0,,,,,,,1.0,3.0
760,5.0,4.0,4.0,4.0,,,,,1.0,3.0
761,4.0,4.0,4.0,3.0,4.0,0.0,,,0.0,3.0
762,4.0,5.0,,,4.0,1.0,,,1.0,3.0
763,4.0,6.0,,,4.0,1.0,,,0.0,2.0
764,4.0,6.0,,,4.0,0.0,,,0.0,2.0
765,5.0,6.0,,,,,5.0,3.0,0.0,0.0
766,5.0,6.0,,,,,5.0,3.0,0.0,2.0
767,5.0,5.0,,,,,,,1.0,2.0
768,5.0,6.0,,,,,,,0.0,3.0
769,4.0,6.0,,,,,,,0.0,3.0
770,5.0,6.0,,,,,5.0,2.0,0.0,3.0
771,5.0,6.0,,,,,5.0,1.0,0.0,2.0
772,5.0,5.0,,,,,5.0,2.0,1.0,2.0
773,4.0,5.0,,,,,,,1.0,2.0
774,5.0,5.0,,,,,5.0,3.0,1.0,2.0
775,5.0,4.0,,,5.0,1.0,,,0.0,2.0
776,5.0,3.0,,,5.0,0.0,6.0,3.0,0.0,2.0
777,6.0,3.0,,,,,6.0,2.0,1.0,2.0
778,5.0,3.0,,,,,6.0,3.0,0.0,2.0
779,5.0,2.0,,,,,6.0,2.0,0.0,2.0
780,5.0,3.0,,,5.0,0.0,,,0.0,2.0
781,5.0,2.0,,,5.0,1.0,6.0,2.0,0.0,2.0
782,4.0,2.0,,,,,,,0.0,2.0
783,5.0,2.0,,,5.0,0.0,,,0.0,2.0
784,5.0,3.0,,,,,,,0.0,2.0
785,5.0,3.0,,,,,6.0,3.0,0.0,2.0
786,6.0,3.0,,,,,6.0,3.0,0.0,2.0
787,5.0,3.0,,,5.0,0.0,6.0,3.0,0.0,2.0
788,5.0,4.0,,,5.0,1.0,6.0,4.0,0.0,2.0
789,5.0,3.0,,,,,6.0,3.0,0.0,2.0
790,5.0,2.0,,,5.0,1.0,,,3.0,2.0
791,5.0,2.0,,,,,,,3.0,2.0
792,5.0,3.0,,,,,,,3.0,2.0
793,5.0,2.0,,,5.0,0.0,,,3.0,2.0
794,4.0,2.0,,,,,,,3.0,2.0
795,4.0,1.0,1.0,1.0,,,,,3.0,2.0
796,5.0,1.0,,,,,,,3.0,2.0
797,5.0,1.0,,,,,,,3.0,2.0
798,5.0,0.0,,,6.0,0.0,,,0.0,2.0
799,5.0,0.0,,,5.0,0.0,,,0.0,2.0
800,5.0,1.0,,,,,,,3.0,2.0
801,4.0,1.0,,,4.0,0.0,,,3.0,2.0
802,4.0,1.0,,,4.0,1.0,,,0.0,2.0
803,5.0,1.0,,,4.0,1.0,,,3.0,2.0
804,4.0,1.0,,,3.0,1.0,,,0.0,2.0
805,3.0,1.0,1.0,1.0,2.0,1.0,,,0.0,2.0
806,3.0,1.0,,,,,,,3.0,2.0
807,2.0,1.0,,,2.0,2.0,,,3.0,2.0
808,2.0,0.0,,,2.0,2.0,,,0.0,2.0
809,1.0,0.0,,,,,,,0.0,3.0
810,1.0,0.0,1.0,4.0,,,,,0.0,3.0
811,1.0,0.0,,,,,,,0.0,3.0
812,1.0,0.0,1.0,4.0,,,,,0.0,3.0
813,1.0,0.0,1.0,3.0,,,,,0.0,2.0
814,1.0,1.0,,,3.0,1.0,,,0.0,3.0
815,2.0,1.0,2.0,2.0,4.0,1.0,,,0.0,2.0
816,3.0,1.0,,,5.0,1.0,,,3.0,2.0
817,3.0,0.0,,,,,,,0.0,2.0
818,2.0,0.0,,,,,,,0.0,2.0
819,2.0,1.0,,,4.0,1.0,,,3.0,2.0
820,2.0,1.0,2.0,3.0,4.0,1.0,,,3.0,2.0
821,3.0,1.0,,,3.0,1.0,,,3.0,3.0
822,2.0,1.0,2.0,4.0,,,,,3.0,3.0
823,2.0,0.0,,,4.0,0.0,,,0.0,3.0
824,2.0,0.0,,,4.0,0.0,,,0.0,3.0
825,1.0,0.0,1.0,5.0,,,,,0.0,3.0
826,1.0,0.0,,,,,,,0.0,3.0
827,1.0,1.0,,,4.0,1.0,,,3.0,3.0
828,1.0,0.0,,,4.0,0.0,,,0.0,3.0
829,0.0,0.0,,,4.0,0.0,,,1.0,3.0
830,0.0,0.0,,,3.0,0.0,,,1.0,3.0
831,0.0,1.0,,,,,,,3.0,3.0
832,1.0,1.0,,,,,,,3.0,3.0
833,1.0,2.0,,,,,,,0.0,3.0
834,1.0,3.0,,,,,,,0.0,3.0
835,1.0,3.0,,,,,3.0,3.0,0.0,3.0
836,1.0,3.0,,,,,,,0.0,3.0
837,2.0,3.0,,,2.0,1.0,,,0.0,3.0
838,2.0,3.0,,,2.0,2.0,,,0.0,3.0
839,3.0,3.0,,,2.0,3.0,,,0.0,0.0
840,3.0,3.0,,,3.0,3.0,,,1.0,0.0
841,2.0,3.0,,,,,,,0.0,0.0
842,2.0,4.0,,,4.0,4.0,,,0.0,3.0
843,2.0,5.0,4.0,5.0,,,,,1.0,3.0
844,2.0,6.0,4.0,6.0,,,,,0.0,3.0
845,2.0,5.0,,,3.0,5.0,,,1.0,0.0
846,2.0,6.0,3.0,6.0,,,,,0.0,2.0
847,1.0,6.0,3.0,6.0,,,,,0.0,2.0
848,0.0,6.0,2.0,6.0,,,,,2.0,2.0
849,0.0,6.0,2.0,6.0,,,,,2.0,2.0
850,0.0,6.0,2.0,6.0,,,,,2.0,2.0
851,1.0,6.0,2.0,6.0,4.0,6.0,1.0,1.0,0.0,2.0
852,1.0,5.0,,,4.0,5.0,1.0,0.0,1.0,2.0
853,1.0,4.0,,,,,1.0,0.0,1.0,2.0
854,1.0,3.0,,,,,,,1.0,2.0
855,1.0,4.0,,,,,1.0,0.0,1.0,2.0
856,2.0,4.0,2.0,6.0,,,,,1.0,2.0
857,2.0,5.0,2.0,6.0,6.0,5.0,,,1.0,2.0
858,2.0,6.0,2.0,5.0,,,,,2.0,2.0
859,2.0,5.0,2.0,5.0,,,,,1.0,2.0
860,3.0,5.0,,,,,,,1.0,2.0
861,3.0,5.0,,,,,,,1.0,2.0
862,2.0,5.0,1.0,5.0,,,,,1.0,2.0
863,2.0,5.0,2.0,5.0,,,,,2.0,2.0
864,2.0,6.0,2.0,5.0,,,,,2.0,2.0
865,2.0,6.0,2.0,4.0,,,,,2.0,2.0
866,3.0,6.0,,,,,,,2.0,2.0
867,3.0,5.0,,,6.0,5.0,,,2.0,2.0
868,3.0,5.0,3.0,4.0,5.0,5.0,,,2.0,2.0
869,3.0,4.0,3.0,5.0,,,,,2.0,2.0
870,3.0,5.0,3.0,4.0,,,,,2.0,1.0
871,3.0,4.0,3.0,4.0,,,,,2.0,2.0
872,4.0,4.0,4.0,4.0,,,,,2.0,1.0
873,4.0,3.0,,,,,,,2.0,1.0
874,4.0,4.0,,,,,,,2.0,2.0
875,4.0,4.0,3.0,4.0,,,,,2.0,2.0
876,4.0,5.0,,,6.0,5.0,,,2.0,2.0
877,3.0,5.0,3.0,4.0,,,1.0,5.0,2.0,2.0
878,3.0,5.0,3.0,4.0,6.0,5.0,,,2.0,2.0
879,2.0,5.0,2.0,4.0,5.0,5.0,1.0,5.0,2.0,2.0
880,2.0,6.0,,,,,2.0,5.0,0.0,2.0
881,3.0,6.0,3.0,3.0,,,2.0,6.0,2.0,2.0
882,3.0,5.0,3.0,4.0,,,2.0,5.0,2.0,2.0
883,2.0,5.0,,,,,2.0,6.0,3.0,0.0
884,2.0,4.0,,,4.0,4.0,2.0,5.0,3.0,1.0
885,2.0,3.0,,,,,2.0,4.0,3.0,2.0
886,2.0,2.0,,,,,,,3.0,2.0
887,2.0,2.0,,,,,2.0,4.0,3.0,1.0
888,1.0,2.0,,,,,,,0.0,1.0
889,0.0,2.0,,,,,,,3.0,0.0
890,0.0,2.0,,,,,,,3.0,2.0
891,1.0,2.0,,,,,,,0.0,2.0
892,0.0,2.0,,,,,,,3.0,2.0
893,0.0,3.0,,,,,,,3.0,2.0
894,0.0,2.0,0.0,6.0,,,,,3.0,2.0
895,0.0,2.0,0.0,6.0,,,,,3.0,2.0
896,0.0,2.0,0.0,6.0,,,,,3.0,2.0
897,0.0,2.0,0.0,6.0,,,,,3.0,2.0
898,0.0,2.0,,,,,,,3.0,2.0
899,0.0,1.0,,,,,,,3.0,2.0
900,0.0,2.0,,,,,,,3.0,2.0
901,1.0,2.0,,,,,,,0.0,3.0
902,1.0,3.0,,,5.0,3.0,,,0.0,3.0
903,0.0,3.0,,,5.0,3.0,,,3.0,3.0
904,0.0,3.0,,,5.0,3.0,,,3.0,3.0
905,0.0,4.0,,,5.0,4.0,,,3.0,2.0
906,0.0,3.0,,,5.0,3.0,,,3.0,3.0
907,0.0,4.0,,,,,,,3.0,0.0
908,0.0,5.0,6.0,5.0,,,,,3.0,0.0
909,0.0,5.0,6.0,5.0,,,,,3.0,0.0
910,1.0,5.0,,,,,,,0.0,3.0
911,1.0,4.0,,,,,,,0.0,3.0
912,1.0,3.0,,,,,,,0.0,3.0
913,0.0,3.0,,,,,,,3.0,3.0
914,0.0,3.0,,,,,,,3.0,3.0
915,0.0,4.0,,,,,,,3.0,3.0
916,0.0,4.0,,,,,,,3.0,3.0
917,0.0,3.0,,,,,,,3.0,3.0
918,0.0,3.0,,,,,,,3.0,3.0
919,0.0,3.0,,,,,,,3.0,3.0
920,0.0,3.0,,,,,,,3.0,3.0
921,0.0,4.0,,,,,,,3.0,3.0
922,0.0,4.0,,,,,,,3.0,3.0
923,0.0,4.0,,,,,,,3.0,3.0
924,1.0,4.0,,,,,,,0.0,3.0
925,1.0,3.0,,,,,,,0.0,3.0
926,1.0,2.0,,,,,,,0.0,3.0
927,0.0,2.0,,,,,,,3.0,3.0
928,0.0,2.0,,,,,,,3.0,0.0
929,1.0,2.0,,,,,,,0.0,0.0
930,1.0,3.0,5.0,3.0,,,5.0,3.0,0.0,3.0
931,1.0,4.0,,,,,5.0,4.0,0.0,3.0
932,1.0,4.0,5.0,4.0,,,6.0,4.0,0.0,3.0
933,2.0,4.0,4.0,4.0,2.0,0.0,6.0,4.0,0.0,3.0
934,3.0,4.0,,,,,,,0.0,3.0
935,3.0,3.0,,,,,6.0,3.0,0.0,3.0
936,3.0,2.0,,,,,,,0.0,3.0
937,3.0,1.0,3.0,5.0,,,,,0.0,3.0
938,3.0,0.0,3.0,6.0,2.0,0.0,,,0.0,3.0
939,3.0,1.0,3.0,6.0,,,,,0.0,3.0
940,3.0,0.0,3.0,6.0,,,,,0.0,3.0
941,3.0,0.0,3.0,6.0,,,,,0.0,3.0
942,3.0,1.0,,,1.0,1.0,,,0.0,3.0
943,3.0,1.0,,,1.0,1.0,,,0.0,3.0
944,3.0,1.0,,,,,,,0.0,3.0
945,3.0,2.0,,,1.0,2.0,,,0.0,3.0
946,2.0,2.0,,,,,,,0.0,3.0
947,2.0,3.0,,,1.0,3.0,,,0.0,3.0
948,2.0,2.0,,,,,,,0.0,3.0
949,2.0,3.0,,,0.0,3.0,,,0.0,3.0
950,2.0,4.0,,,,,,,0.0,3.0
951,1.0,4.0,1.0,5.0,,,,,0.0,3.0
952,0.0,4.0,1.0,4.0,0.0,1.0,4.0,4.0,1.0,3.0
953,0.0,4.0,2.0,4.0,0.0,1.0,,,3.0,3.0
954,0.0,5.0,,,0.0,0.0,5.0,5.0,1.0,3.0
955,1.0,5.0,,,,,4.0,5.0,0.0,3.0
956,2.0,5.0,2.0,3.0,,,3.0,5.0,0.0,3.0
957,2.0,6.0,2.0,4.0,,,,,0.0,3.0
958,2.0,5.0,2.0,3.0,,,3.0,5.0,0.0,3.0
959,2.0,5.0,2.0,3.0,,,4.0,5.0,0.0,3.0
960,2.0,5.0,,,,,5.0,5.0,0.0,3.0
961,3.0,5.0,,,,,5.0,5.0,0.0,3.0
962,4.0,5.0,,,,,5.0,5.0,0.0,3.0
963,4.0,5.0,,,,,,,0.0,3.0
964,3.0,5.0,,,,,5.0,5.0,0.0,3.0
965,3.0,4.0,0.0,4.0,,,,,0.0,3.0
966,4.0,4.0,,,,,,,0.0,3.0
967,3.0,4.0,,,,,,,0.0,3.0
968,2.0,4.0,2.0,5.0,,,,,0.0,3.0
969,2.0,3.0,2.0,4.0,,,,,0.0,0.0
970,2.0,3.0,,,,,,,0.0,3.0
971,3.0,3.0,1.0,3.0,,,,,0.0,3.0
972,3.0,2.0,,,0.0,2.0,,,3.0,3.0
973,3.0,3.0,,,,,,,0.0,0.0
974,3.0,3.0,2.0,3.0,,,,,0.0,0.0
975,4.0,3.0,2.0,3.0,,,,,3.0,3.0
976,5.0,3.0,2.0,3.0,,,5.0,6.0,3.0,3.0
977,6.0,3.0,,,,,,,3.0,0.0
978,6.0,3.0,,,,,,,3.0,0.0
979,6.0,3.0,,,,,,,3.0,0.0
980,5.0,3.0,,,,,5.0,4.0,3.0,0.0
981,4.0,3.0,,,,,4.0,4.0,3.0,0.0
982,5.0,3.0,,,,,,,3.0,0.0
983,5.0,2.0,2.0,2.0,,,,,3.0,0.0
984,5.0,2.0,,,,,,,2.0,0.0
985,5.0,3.0,,,,,,,2.0,0.0
986,4.0,3.0,,,,,4.0,5.0,3.0,2.0
987,5.0,3.0,,,,,5.0,5.0,3.0,3.0
988,5.0,4.0,,,,,,,2.0,3.0
989,5.0,3.0,,,,,,,2.0,0.0
990,6.0,3.0,3.0,3.0,,,,,3.0,0.0
991,6.0,4.0,,,,,4.0,4.0,1.0,2.0
992,6.0,5.0,,,,,,,1.0,2.0
993,6.0,5.0,,,,,,,1.0,0.0
994,6.0,6.0,,,,,,,0.0,3.0
995,6.0,6.0,,,,,,,0.0,0.0
996,6.0,6.0,,,,,,,0.0,0.0
997,6.0,6.0,,,,,6.0,5.0,0.0,0.0
998,6.0,6.0,,,,,6.0,5.0,0.0,3.0
999,6.0,6.0,,,,,6.0,5.0,0.0,0.0
1000,6.0,6.0,,,,,6.0,5.0,0.0,0.0
1001,6.0,5.0,,,,,6.0,5.0,0.0,1.0
1002,6.0,4.0,,,,,6.0,5.0,3.0,1.0
1003,6.0,4.0,,,,,,,3.0,1.0
1004,6.0,4.0,,,1.0,4.0,5.0,4.0,1.0,1.0
1005,6.0,4.0,,,1.0,4.0,5.0,4.0,1.0,1.0
1006,6.0,4.0,0.0,4.0,1.0,4.0,5.0,4.0,1.0,2.0
1007,6.0,5.0,,,,,,,1.0,2.0
1008,5.0,5.0,,,,,5.0,2.0,1.0,1.0
1009,4.0,5.0,,,,,,,1.0,1.0
1010,3.0,5.0,,,,,,,1.0,1.0
1011,3.0,4.0,,,0.0,4.0,,,0.0,3.0
1012,3.0,4.0,0.0,4.0,0.0,4.0,,,0.0,1.0
1013,3.0,4.0,1.0,4.0,0.0,4.0,,,0.0,0.0
1014,2.0,4.0,2.0,4.0,0.0,4.0,,,0.0,0.0
1015,2.0,5.0,,,,,,,0.0,0.0
1016,1.0,5.0,,,,,,,0.0,0.0
1017,1.0,5.0,1.0,4.0,2.0,5.0,,,0.0,1.0
1018,1.0,6.0,1.0,5.0,1.0,5.0,,,0.0,0.0
1019,1.0,6.0,1.0,6.0,,,,,0.0,2.0
1020,1.0,6.0,1.0,6.0,1.0,5.0,,,0.0,3.0
1021,1.0,6.0,2.0,6.0,1.0,6.0,,,0.0,0.0
1022,1.0,6.0,2.0,6.0,1.0,6.0,,,0.0,0.0
1023,1.0,6.0,2.0,6.0,2.0,6.0,,,0.0,0.0
1024,0.0,6.0,1.0,6.0,3.0,6.0,,,2.0,2.0
1025,0.0,6.0,1.0,6.0,3.0,6.0,,,2.0,2.0
1026,0.0,6.0,1.0,6.0,,,,,2.0,2.0
1027,0.0,6.0,0.0,6.0,,,,,2.0,2.0
1028,1.0,6.0,0.0,6.0,,,,,0.0,2.0
1029,0.0,6.0,0.0,6.0,,,,,2.0,2.0
1030,0.0,6.0,1.0,6.0,,,,,2.0,3.0
1031,1.0,6.0,0.0,6.0,,,,,0.0,3.0
1032,0.0,6.0,0.0,6.0,,,,,2.0,2.0
1033,1.0,6.0,0.0,6.0,,,,,0.0,2.0
1034,1.0,6.0,1.0,6.0,,,,,0.0,3.0
1035,1.0,6.0,1.0,6.0,,,,,0.0,3.0
1036,1.0,6.0,0.0,6.0,,,,,0.0,2.0
1037,2.0,6.0,0.0,6.0,,,,,0.0,2.0
1038,1.0,6.0,1.0,6.0,,,,,0.0,2.0
1039,0.0,6.0,,,,,,,2.0,2.0
1040,0.0,6.0,,,,,,,2.0,3.0
1041,1.0,6.0,,,,,,,0.0,2.0
1042,1.0,6.0,,,,,,,0.0,3.0
1043,2.0,6.0,,,2.0,2.0,,,0.0,3.0
1044,1.0,6.0,,,1.0,2.0,,,0.0,0.0
1045,1.0,6.0,,,1.0,1.0,,,0.0,0.0
1046,1.0,6.0,,,,,,,0.0,0.0
1047,1.0,6.0,,,,,,,0.0,3.0
1048,0.0,6.0,,,0.0,0.0,,,2.0,3.0
1049,0.0,6.0,,,0.0,0.0,,,2.0,3.0
1050,0.0,6.0,,,0.0,0.0,,,2.0,3.0
1051,0.0,5.0,5.0,5.0,0.0,0.0,,,1.0,0.0
1052,1.0,5.0,6.0,5.0,,,,,0.0,0.0
1053,1.0,6.0,,,,,,,0.0,0.0
1054,1.0,6.0,,,1.0,1.0,,,0.0,0.0
1055,2.0,6.0,,,,,2.0,2.0,0.0,0.0
1056,2.0,5.0,,,2.0,0.0,2.0,1.0,1.0,0.0
1057,2.0,4.0,,,2.0,0.0,,,1.0,0.0
1058,2.0,5.0,,,,,,,1.0,0.0
1059,3.0,5.0,,,,,,,1.0,0.0
1060,3.0,4.0,,,,,,,0.0,0.0
1061,3.0,5.0,,,,,3.0,3.0,1.0,0.0
1062,3.0,5.0,,,,,3.0,3.0,1.0,0.0
1063,3.0,5.0,,,,,3.0,4.0,1.0,0.0
1064,2.0,5.0,,,,,3.0,5.0,0.0,0.0
1065,2.0,4.0,,,,,3.0,4.0,0.0,0.0
1066,2.0,4.0,,,,,,,0.0,0.0
1067,2.0,3.0,,,,,2.0,5.0,3.0,0.0
1068,2.0,2.0,,,,,,,3.0,0.0
1069,2.0,3.0,,,,,,,3.0,0.0
1070,1.0,3.0,,,,,,,3.0,0.0
1071,0.0,3.0,,,0.0,1.0,0.0,5.0,3.0,0.0
1072,0.0,3.0,,,,,0.0,5.0,3.0,0.0
1073,0.0,3.0,,,0.0,1.0,0.0,4.0,3.0,0.0
1074,0.0,3.0,,,0.0,2.0,0.0,4.0,3.0,0.0
1075,0.0,3.0,,,0.0,3.0,0.0,3.0,1.0,0.0
1076,0.0,3.0,,,0.0,3.0,0.0,3.0,1.0,0.0
1077,0.0,3.0,,,1.0,3.0,0.0,2.0,1.0,0.0
1078,0.0,2.0,,,0.0,3.0,0.0,3.0,3.0,0.0
1079,0.0,1.0,,,0.0,3.0,0.0,2.0,3.0,0.0
1080,0.0,2.0,,,,,1.0,2.0,1.0,0.0
1081,0.0,1.0,,,,,,,3.0,0.0
1082,0.0,1.0,,,,,1.0,1.0,1.0,0.0
1083,0.0,2.0,,,0.0,3.0,,,1.0,0.0
1084,0.0,2.0,,,0.0,2.0,,,1.0,0.0
1085,0.0,2.0,,,0.0,2.0,,,1.0,0.0
1086,0.0,2.0,,,1.0,2.0,,,1.0,0.0
1087,1.0,2.0,,,2.0,2.0,1.0,0.0,1.0,0.0
1088,2.0,2.0,,,2.0,3.0,,,1.0,0.0
1089,1.0,2.0,,,,,1.0,2.0,0.0,0.0
1090,1.0,3.0,,,2.0,3.0,1.0,2.0,1.0,0.0
1091,1.0,4.0,,,,,1.0,1.0,1.0,3.0
1092,1.0,3.0,,,1.0,2.0,,,1.0,3.0
1093,1.0,2.0,,,1.0,2.0,,,1.0,0.0
1094,1.0,2.0,,,1.0,2.0,,,1.0,0.0
1095,1.0,2.0,,,1.0,3.0,1.0,0.0,1.0,0.0
1096,0.0,2.0,,,,,,,1.0,0.0
1097,1.0,2.0,,,2.0,2.0,1.0,0.0,1.0,0.0
1098,1.0,2.0,,,3.0,2.0,1.0,0.0,1.0,3.0
1099,1.0,3.0,,,,,1.0,1.0,1.0,0.0
1100,1.0,3.0,,,,,1.0,2.0,1.0,0.0
1101,1.0,3.0,,,1.0,2.0,,,1.0,0.0
1102,0.0,3.0,,,,,0.0,3.0,1.0,0.0
1103,0.0,3.0,,,,,0.0,3.0,1.0,0.0
1104,0.0,3.0,,,,,0.0,3.0,1.0,0.0
1105,0.0,4.0,,,,,0.0,3.0,1.0,0.0
1106,1.0,4.0,,,1.0,1.0,,,1.0,0.0
1107,1.0,5.0,,,1.0,2.0,1.0,3.0,1.0,0.0
1108,2.0,5.0,,,,,,,1.0,0.0
1109,3.0,5.0,,,,,,,2.0,0.0
1110,2.0,5.0,,,,,,,2.0,0.0
1111,2.0,6.0,,,,,,,2.0,0.0
1112,2.0,5.0,,,,,,,1.0,0.0
1113,2.0,6.0,,,,,2.0,4.0,0.0,0.0
1114,2.0,6.0,,,,,2.0,5.0,0.0,0.0
1115,1.0,6.0,,,1.0,1.0,1.0,5.0,0.0,0.0
1116,2.0,6.0,,,,,,,2.0,0.0
1117,1.0,6.0,,,,,,,2.0,0.0
1118,2.0,6.0,,,,,,,2.0,0.0
1119,2.0,6.0,,,,,,,2.0,0.0
1120,3.0,6.0,,,,,,,2.0,0.0
1121,2.0,6.0,,,,,,,2.0,0.0
1122,2.0,6.0,,,,,1.0,6.0,2.0,0.0
1123,2.0,5.0,,,,,2.0,6.0,3.0,0.0
1124,3.0,5.0,,,,,,,2.0,0.0
1125,2.0,5.0,,,2.0,4.0,1.0,5.0,2.0,1.0
1126,2.0,4.0,,,2.0,3.0,,,3.0,0.0
1127,1.0,4.0,,,,,1.0,6.0,3.0,0.0
1128,0.0,4.0,,,,,,,3.0,0.0
1129,1.0,4.0,,,1.0,1.0,1.0,5.0,3.0,0.0
1130,0.0,4.0,,,,,,,3.0,0.0
1131,0.0,3.0,,,0.0,0.0,,,3.0,0.0
1132,0.0,3.0,,,0.0,1.0,,,3.0,0.0
1133,1.0,3.0,,,,,,,3.0,0.0
1134,1.0,4.0,,,,,,,0.0,0.0
1135,2.0,4.0,,,,,2.0,6.0,3.0,0.0
1136,3.0,4.0,,,,,3.0,6.0,3.0,0.0
1137,2.0,4.0,,,,,,,0.0,0.0
1138,2.0,4.0,,,,,,,3.0,0.0
1139,2.0,5.0,,,,,2.0,6.0,3.0,0.0
1140,2.0,6.0,,,,,2.0,5.0,0.0,0.0
1141,2.0,6.0,,,,,,,0.0,0.0
1142,2.0,5.0,,,,,,,0.0,0.0
1143,1.0,5.0,,,1.0,0.0,,,0.0,0.0
1144,2.0,5.0,,,,,2.0,5.0,0.0,0.0
1145,2.0,4.0,,,,,2.0,6.0,3.0,0.0
1146,2.0,5.0,,,2.0,1.0,2.0,5.0,0.0,0.0
1147,2.0,5.0,,,2.0,2.0,2.0,4.0,1.0,0.0
1148,3.0,5.0,3.0,0.0,,,,,1.0,0.0
1149,4.0,5.0,,,,,,,1.0,1.0
1150,4.0,5.0,,,,,4.0,3.0,1.0,0.0
1151,3.0,5.0,,,,,,,1.0,0.0
1152,3.0,5.0,3.0,0.0,,,,,1.0,0.0
1153,3.0,4.0,,,,,3.0,3.0,1.0,0.0
1154,3.0,3.0,,,,,4.0,3.0,0.0,0.0
1155,4.0,3.0,4.0,0.0,,,4.0,2.0,1.0,0.0
1156,3.0,3.0,,,,,,,0.0,0.0
1157,3.0,4.0,,,,,,,1.0,0.0
1158,3.0,4.0,,,,,,,1.0,0.0
1159,3.0,4.0,,,,,,,1.0,0.0
1160,2.0,4.0,,,,,,,0.0,0.0
1161,1.0,4.0,,,1.0,1.0,,,0.0,0.0
1162,2.0,4.0,,,2.0,1.0,,,0.0,0.0
1163,3.0,4.0,,,,,,,0.0,0.0
1164,2.0,4.0,,,2.0,2.0,,,0.0,0.0
1165,1.0,4.0,,,,,,,0.0,0.0
1166,0.0,4.0,,,,,,,1.0,0.0
1167,0.0,4.0,,,,,,,1.0,1.0
1168,1.0,4.0,,,,,,,1.0,1.0
1169,1.0,4.0,,,,,,,1.0,1.0
1170,2.0,4.0,,,,,,,1.0,1.0
1171,2.0,3.0,,,6.0,3.0,,,1.0,1.0
1172,2.0,3.0,,,5.0,3.0,,,1.0,1.0
1173,3.0,3.0,,,4.0,3.0,3.0,2.0,1.0,1.0
1174,3.0,4.0,,,,,3.0,1.0,1.0,1.0
1175,3.0,4.0,,,,,3.0,2.0,1.0,1.0
1176,3.0,3.0,,,4.0,3.0,3.0,3.0,0.0,1.0
1177,3.0,4.0,,,4.0,4.0,3.0,3.0,1.0,1.0
1178,3.0,4.0,,,3.0,4.0,3.0,3.0,1.0,1.0
1179,2.0,4.0,,,,,,,1.0,0.0
1180,2.0,4.0,,,,,,,0.0,0.0
1181,2.0,4.0,,,2.0,3.0,3.0,4.0,0.0,0.0
1182,1.0,4.0,,,1.0,3.0,2.0,4.0,0.0,0.0
1183,0.0,4.0,,,0.0,3.0,2.0,4.0,1.0,0.0
1184,0.0,3.0,,,1.0,3.0,,,3.0,0.0
1185,0.0,3.0,,,0.0,3.0,,,3.0,0.0
1186,0.0,3.0,,,0.0,3.0,1.0,3.0,1.0,0.0
1187,0.0,4.0,,,,,0.0,3.0,1.0,0.0
1188,0.0,5.0,,,,,0.0,3.0,1.0,0.0
1189,0.0,6.0,,,,,,,2.0,0.0
1190,0.0,6.0,,,,,0.0,3.0,2.0,0.0
1191,1.0,6.0,,,1.0,2.0,,,2.0,0.0
1192,0.0,6.0,,,,,0.0,2.0,2.0,0.0
1193,0.0,5.0,,,,,0.0,1.0,1.0,0.0
1194,0.0,6.0,,,0.0,2.0,0.0,2.0,2.0,0.0
1195,1.0,6.0,,,,,,,2.0,0.0
1196,1.0,5.0,,,,,1.0,1.0,1.0,0.0
1197,1.0,4.0,,,1.0,2.0,1.0,0.0,1.0,0.0
1198,0.0,4.0,,,,,,,1.0,0.0
1199,0.0,5.0,,,,,,,1.0,0.0
1200,0.0,6.0,,,,,,,2.0,0.0
1201,0.0,6.0,,,,,,,2.0,0.0
1202,0.0,5.0,,,,,,,1.0,0.0
1203,0.0,6.0,,,,,,,2.0,0.0
1204,0.0,6.0,,,,,,,2.0,0.0
1205,0.0,6.0,,,,,,,2.0,0.0
1206,0.0,6.0,,,,,,,2.0,0.0
1207,0.0,6.0,,,,,,,2.0,0.0
1208,0.0,6.0,,,,,,,2.0,0.0
1209,1.0,6.0,,,,,,,0.0,0.0
1210,1.0,6.0,,,,,,,0.0,0.0
1211,1.0,6.0,,,,,,,0.0,0.0
1212,0.0,6.0,,,,,,,2.0,0.0
1213,0.0,6.0,,,,,,,2.0,0.0
1214,0.0,5.0,,,,,,,1.0,0.0
1215,0.0,6.0,,,,,,,2.0,0.0
1216,0.0,6.0,,,,,,,2.0,0.0
1217,0.0,6.0,,,,,,,2.0,0.0
1218,0.0,6.0,,,,,,,2.0,3.0
1219,0.0,5.0,,,,,,,1.0,2.0
1220,0.0,5.0,,,,,,,1.0,2.0
1221,0.0,5.0,,,,,,,1.0,2.0
1222,0.0,5.0,,,,,,,1.0,2.0
1223,0.0,5.0,,,,,,,1.0,2.0
1224,0.0,6.0,,,,,,,2.0,2.0
1225,0.0,6.0,,,,,,,2.0,0.0
1226,0.0,5.0,,,,,,,1.0,0.0
1227,0.0,5.0,,,,,,,1.0,0.0
1228,0.0,4.0,,,,,,,1.0,0.0
1229,0.0,4.0,,,,,,,1.0,0.0
1230,0.0,4.0,,,,,,,1.0,0.0
1231,0.0,4.0,,,,,,,1.0,0.0
1232,0.0,4.0,,,,,,,1.0,0.0
1233,0.0,5.0,,,,,,,1.0,0.0
1234,0.0,6.0,,,,,,,2.0,0.0
1235,0.0,6.0,,,,,,,2.0,0.0
1236,0.0,6.0,,,,,,,2.0,0.0
1237,0.0,6.0,,,,,,,2.0,0.0
1238,0.0,6.0,,,,,,,2.0,0.0
1239,0.0,5.0,,,,,,,1.0,1.0
1240,0.0,6.0,,,,,,,2.0,0.0
1241,0.0,6.0,,,,,,,2.0,0.0
1242,0.0,5.0,,,1.0,5.0,,,1.0,0.0
1243,1.0,5.0,,,0.0,5.0,,,0.0,0.0
1244,1.0,6.0,,,,,,,0.0,0.0
1245,1.0,6.0,,,1.0,5.0,,,0.0,0.0
1246,1.0,6.0,,,1.0,4.0,,,0.0,0.0
1247,1.0,6.0,,,1.0,5.0,,,0.0,0.0
1248,0.0,6.0,,,,,,,2.0,0.0
1249,0.0,5.0,,,1.0,5.0,,,1.0,0.0
1250,0.0,5.0,,,,,,,1.0,0.0
1251,0.0,4.0,,,0.0,4.0,,,1.0,0.0
1252,0.0,4.0,,,1.0,4.0,,,1.0,0.0
1253,0.0,3.0,,,,,,,1.0,0.0
1254,0.0,3.0,,,,,,,1.0,0.0
1255,0.0,3.0,,,0.0,4.0,,,1.0,0.0
1256,0.0,3.0,,,,,,,1.0,0.0
1257,0.0,3.0,,,,,,,1.0,0.0
1258,1.0,3.0,5.0,3.0,1.0,5.0,,,0.0,0.0
1259,1.0,4.0,,,1.0,6.0,,,0.0,0.0
1260,1.0,4.0,,,,,,,0.0,0.0
1261,1.0,4.0,,,,,,,0.0,1.0
1262,0.0,4.0,,,,,,,1.0,1.0
1263,0.0,3.0,4.0,3.0,,,,,1.0,1.0
1264,0.0,2.0,,,,,6.0,2.0,1.0,0.0
1265,0.0,3.0,,,,,,,1.0,0.0
1266,0.0,3.0,,,,,,,1.0,0.0
1267,0.0,4.0,,,,,,,1.0,0.0
1268,0.0,5.0,,,,,,,1.0,0.0
1269,1.0,5.0,,,,,,,0.0,0.0
1270,1.0,6.0,4.0,6.0,3.0,6.0,,,0.0,0.0
1271,2.0,6.0,4.0,6.0,3.0,6.0,,,0.0,0.0
1272,2.0,5.0,,,,,,,1.0,0.0
1273,2.0,5.0,5.0,5.0,,,,,1.0,0.0
1274,2.0,5.0,4.0,5.0,,,,,1.0,0.0
1275,2.0,5.0,4.0,5.0,3.0,5.0,,,1.0,0.0
1276,2.0,5.0,,,3.0,5.0,,,1.0,0.0
1277,2.0,4.0,,,,,,,0.0,0.0
1278,2.0,5.0,,,3.0,5.0,,,0.0,0.0
1279,2.0,6.0,4.0,6.0,,,,,0.0,0.0
1280,2.0,5.0,,,,,,,1.0,0.0
1281,2.0,4.0,,,4.0,4.0,,,0.0,0.0
1282,1.0,4.0,,,,,,,0.0,3.0
1283,1.0,5.0,6.0,5.0,,,,,0.0,0.0
1284,1.0,6.0,6.0,6.0,,,,,0.0,0.0
1285,0.0,6.0,6.0,6.0,,,,,2.0,3.0
1286,0.0,5.0,,,,,,,1.0,3.0
1287,1.0,5.0,,,,,,,0.0,3.0
1288,1.0,5.0,,,,,,,0.0,3.0
1289,2.0,5.0,,,,,,,1.0,3.0
1290,2.0,4.0,,,,,,,0.0,3.0
1291,3.0,4.0,,,,,,,1.0,3.0
1292,4.0,4.0,,,4.0,2.0,,,1.0,3.0
1293,4.0,5.0,,,,,,,1.0,3.0
1294,4.0,5.0,,,,,,,1.0,0.0
1295,5.0,5.0,6.0,5.0,,,,,1.0,0.0
1296,5.0,5.0,6.0,5.0,,,,,1.0,0.0
1297,4.0,5.0,5.0,5.0,,,4.0,0.0,1.0,0.0
1298,5.0,5.0,6.0,5.0,,,5.0,0.0,1.0,0.0
1299,4.0,5.0,6.0,5.0,,,,,1.0,0.0
1300,4.0,6.0,,,,,,,0.0,3.0
1301,4.0,5.0,6.0,5.0,4.0,3.0,,,1.0,0.0
1302,4.0,4.0,,,,,,,1.0,3.0
1303,4.0,3.0,,,,,,,0.0,3.0
1304,5.0,3.0,5.0,6.0,5.0,2.0,,,0.0,3.0
1305,5.0,2.0,,,5.0,1.0,5.0,2.0,0.0,3.0
1306,6.0,2.0,,,,,4.0,2.0,1.0,3.0
1307,6.0,2.0,,,,,5.0,2.0,1.0,3.0
1308,6.0,2.0,,,,,6.0,2.0,0.0,3.0
1309,5.0,2.0,,,5.0,1.0,,,0.0,3.0
1310,5.0,3.0,,,5.0,2.0,,,0.0,2.0
1311,5.0,4.0,2.0,4.0,5.0,2.0,,,1.0,2.0
1312,6.0,4.0,,,,,6.0,3.0,1.0,2.0
1313,5.0,4.0,,,5.0,1.0,,,1.0,2.0
1314,5.0,4.0,,,,,,,1.0,2.0
1315,5.0,4.0,,,,,,,1.0,2.0
1316,5.0,4.0,,,5.0,2.0,,,1.0,2.0
1317,5.0,4.0,,,,,,,1.0,2.0
1318,5.0,5.0,,,,,,,1.0,2.0
1319,5.0,6.0,,,,,,,0.0,1.0
1320,5.0,5.0,,,,,,,1.0,2.0
1321,5.0,5.0,,,,,,,1.0,1.0
1322,5.0,5.0,,,,,,,1.0,1.0
1323,5.0,4.0,,,,,,,1.0,1.0
1324,5.0,4.0,,,,,5.0,0.0,1.0,1.0
1325,6.0,4.0,,,,,,,1.0,1.0
1326,6.0,4.0,,,,,,,1.0,1.0
1327,6.0,3.0,,,,,,,1.0,1.0
1328,6.0,3.0,,,,,,,1.0,1.0
1329,5.0,3.0,,,,,,,1.0,1.0
1330,5.0,2.0,,,,,5.0,1.0,1.0,1.0
1331,6.0,2.0,,,,,6.0,1.0,1.0,1.0
1332,6.0,2.0,,,,,6.0,1.0,1.0,1.0
1333,6.0,2.0,,,,,6.0,2.0,0.0,1.0
1334,6.0,2.0,,,,,5.0,2.0,1.0,1.0
1335,6.0,2.0,,,,,5.0,2.0,1.0,1.0
1336,6.0,2.0,,,,,,,3.0,1.0
1337,6.0,2.0,,,,,,,3.0,1.0
1338,6.0,2.0,,,,,6.0,3.0,3.0,1.0
1339,6.0,2.0,,,,,6.0,3.0,3.0,1.0
1340,6.0,2.0,,,,,6.0,3.0,3.0,1.0
1341,5.0,2.0,5.0,0.0,,,6.0,2.0,0.0,0.0
1342,5.0,2.0,,,,,,,0.0,0.0
1343,5.0,2.0,5.0,0.0,,,,,1.0,0.0
1344,6.0,2.0,,,,,6.0,0.0,1.0,0.0
1345,5.0,2.0,,,,,,,0.0,0.0
1346,4.0,2.0,,,,,,,0.0,0.0
1347,3.0,2.0,,,,,,,0.0,1.0
1348,4.0,2.0,,,,,,,0.0,1.0
1349,4.0,2.0,,,,,,,0.0,1.0
1350,4.0,3.0,,,,,,,0.0,1.0
1351,4.0,4.0,,,,,,,1.0,1.0
1352,4.0,3.0,,,0.0,3.0,,,0.0,1.0
1353,5.0,3.0,,,1.0,3.0,,,0.0,1.0
1354,5.0,2.0,,,,,,,0.0,1.0
1355,5.0,2.0,,,,,5.0,3.0,3.0,1.0
1356,5.0,3.0,,,3.0,3.0,5.0,4.0,3.0,1.0
1357,5.0,4.0,,,,,5.0,5.0,3.0,1.0
1358,5.0,3.0,,,,,5.0,6.0,3.0,2.0
1359,4.0,3.0,,,2.0,3.0,,,3.0,1.0
1360,3.0,3.0,,,2.0,3.0,,,3.0,1.0
1361,3.0,4.0,,,2.0,4.0,3.0,5.0,3.0,1.0
1362,2.0,4.0,,,2.0,5.0,,,0.0,1.0
1363,2.0,4.0,,,,,3.0,4.0,0.0,1.0
1364,3.0,4.0,,,,,2.0,4.0,2.0,1.0
1365,3.0,5.0,,,,,,,2.0,1.0
1366,4.0,5.0,,,,,,,2.0,1.0
1367,4.0,6.0,,,2.0,6.0,,,2.0,1.0
1368,3.0,6.0,,,2.0,6.0,,,2.0,1.0
1369,3.0,5.0,,,,,,,2.0,1.0
1370,4.0,5.0,,,,,,,2.0,1.0
1371,3.0,5.0,,,,,,,1.0,1.0
1372,3.0,5.0,,,,,3.0,4.0,1.0,1.0
1373,3.0,6.0,,,1.0,6.0,3.0,5.0,0.0,1.0
1374,3.0,6.0,,,1.0,6.0,3.0,4.0,0.0,1.0
1375,3.0,6.0,,,2.0,6.0,,,2.0,1.0
1376,2.0,6.0,,,2.0,6.0,,,2.0,1.0
1377,1.0,6.0,,,3.0,6.0,1.0,5.0,0.0,1.0
1378,1.0,6.0,,,,,,,2.0,2.0
1379,1.0,6.0,,,,,,,2.0,2.0
1380,1.0,5.0,,,,,,,1.0,1.0
1381,1.0,4.0,0.0,4.0,,,1.0,4.0,0.0,1.0
1382,1.0,5.0,,,,,1.0,5.0,0.0,1.0
1383,2.0,5.0,,,,,2.0,5.0,0.0,1.0
1384,2.0,5.0,,,,,2.0,4.0,1.0,1.0
1385,2.0,5.0,,,,,,,1.0,1.0
1386,1.0,5.0,1.0,4.0,1.0,5.0,,,0.0,1.0
1387,1.0,4.0,1.0,4.0,,,2.0,4.0,0.0,0.0
1388,1.0,5.0,1.0,3.0,0.0,5.0,,,0.0,1.0
1389,1.0,4.0,1.0,4.0,,,4.0,4.0,0.0,0.0
1390,0.0,4.0,,,0.0,4.0,3.0,4.0,1.0,0.0
1391,0.0,3.0,,,0.0,4.0,,,3.0,0.0
1392,0.0,3.0,,,,,4.0,3.0,1.0,0.0
1393,0.0,3.0,,,,,5.0,3.0,1.0,0.0
1394,0.0,3.0,,,,,,,1.0,0.0
1395,0.0,4.0,,,,,,,1.0,0.0
1396,0.0,5.0,,,0.0,5.0,,,1.0,0.0
1397,0.0,5.0,,,0.0,4.0,,,1.0,0.0
1398,1.0,5.0,2.0,5.0,,,,,0.0,0.0
1399,1.0,4.0,1.0,5.0,1.0,3.0,,,0.0,3.0
1400,1.0,4.0,1.0,6.0,,,,,0.0,3.0
1401,1.0,5.0,1.0,6.0,,,,,0.0,3.0
1402,1.0,4.0,,,,,,,0.0,3.0
1403,1.0,3.0,,,,,4.0,3.0,0.0,3.0
1404,1.0,4.0,1.0,6.0,,,,,0.0,3.0
1405,1.0,3.0,1.0,6.0,,,5.0,3.0,0.0,3.0
1406,1.0,2.0,1.0,5.0,,,,,0.0,3.0
1407,1.0,2.0,,,,,,,0.0,3.0
1408,0.0,2.0,0.0,5.0,,,,,3.0,3.0
1409,0.0,1.0,0.0,5.0,,,,,3.0,3.0
1410,0.0,2.0,0.0,5.0,,,,,3.0,2.0
1411,1.0,2.0,,,,,,,0.0,2.0
1412,1.0,2.0,,,,,,,0.0,2.0
1413,1.0,1.0,,,,,,,0.0,2.0
1414,1.0,0.0,,,4.0,0.0,,,0.0,2.0
1415,1.0,0.0,,,4.0,0.0,,,0.0,2.0
1416,2.0,0.0,,,4.0,0.0,,,0.0,2.0
1417,2.0,0.0,,,4.0,0.0,,,0.0,2.0
1418,2.0,0.0,,,4.0,0.0,,,0.0,2.0
1419,3.0,0.0,,,4.0,0.0,,,0.0,2.0
1420,3.0,0.0,,,5.0,0.0,,,0.0,2.0
1421,3.0,1.0,,,5.0,1.0,,,0.0,2.0
1422,3.0,0.0,,,5.0,0.0,,,0.0,3.0
1423,4.0,0.0,,,4.0,0.0,,,0.0,3.0
1424,4.0,1.0,,,4.0,0.0,,,3.0,3.0
1425,5.0,1.0,,,,,5.0,4.0,3.0,3.0
1426,6.0,1.0,,,,,,,3.0,3.0
1427,6.0,0.0,,,3.0,0.0,,,0.0,3.0
1428,6.0,0.0,,,3.0,0.0,,,0.0,3.0
1429,6.0,0.0,,,3.0,0.0,6.0,3.0,0.0,3.0
1430,6.0,1.0,,,,,6.0,3.0,3.0,3.0
1431,6.0,1.0,,,3.0,1.0,6.0,4.0,3.0,3.0
1432,5.0,1.0,,,,,5.0,4.0,3.0,3.0
1433,5.0,2.0,,,,,,,3.0,3.0
1434,5.0,1.0,,,,,,,3.0,3.0
1435,4.0,1.0,,,4.0,0.0,,,3.0,3.0
1436,4.0,0.0,,,5.0,0.0,,,2.0,3.0
1437,4.0,1.0,,,5.0,1.0,,,3.0,3.0
1438,4.0,2.0,4.0,5.0,,,,,3.0,3.0
1439,4.0,2.0,,,,,,,3.0,3.0
1440,4.0,3.0,,,,,,,3.0,3.0
1441,3.0,3.0,,,,,,,3.0,3.0
1442,4.0,3.0,,,,,,,2.0,3.0
1443,4.0,4.0,4.0,6.0,,,2.0,4.0,2.0,3.0
1444,4.0,4.0,4.0,6.0,,,,,2.0,3.0
1445,3.0,4.0,3.0,6.0,,,,,2.0,3.0
1446,3.0,3.0,3.0,6.0,,,1.0,3.0,2.0,3.0
1447,3.0,4.0,3.0,5.0,,,,,1.0,3.0
1448,3.0,4.0,,,,,,,1.0,3.0
1449,2.0,4.0,2.0,4.0,,,,,1.0,3.0
1450,2.0,5.0,2.0,4.0,,,,,1.0,2.0
1451,1.0,5.0,,,,,1.0,2.0,1.0,3.0
1452,1.0,4.0,,,,,,,1.0,3.0
1453,2.0,4.0,,,,,,,1.0,3.0
1454,2.0,5.0,4.0,5.0,,,,,1.0,3.0
1455,3.0,5.0,3.0,5.0,,,,,2.0,3.0
1456,3.0,5.0,3.0,5.0,,,,,2.0,3.0
1457,3.0,5.0,3.0,6.0,,,,,2.0,3.0
1458,4.0,5.0,,,,,,,2.0,3.0
1459,5.0,5.0,,,,,1.0,5.0,2.0,3.0
1460,5.0,5.0,,,,,,,2.0,3.0
1461,5.0,6.0,2.0,6.0,,,,,2.0,3.0
1462,5.0,6.0,2.0,6.0,,,,,2.0,3.0
1463,5.0,5.0,,,,,,,2.0,3.0
1464,5.0,5.0,,,,,0.0,5.0,2.0,3.0
1465,6.0,5.0,,,,,0.0,5.0,1.0,3.0
1466,6.0,6.0,3.0,6.0,,,0.0,6.0,3.0,3.0
1467,6.0,6.0,2.0,6.0,,,0.0,6.0,3.0,3.0
1468,5.0,6.0,3.0,6.0,,,1.0,6.0,2.0,3.0
1469,6.0,6.0,3.0,6.0,,,1.0,6.0,3.0,3.0
1470,6.0,6.0,3.0,6.0,,,0.0,6.0,3.0,3.0
1471,6.0,5.0,,,,,,,3.0,3.0
1472,6.0,6.0,2.0,6.0,,,0.0,6.0,3.0,3.0
1473,6.0,6.0,,,,,,,0.0,3.0
1474,6.0,6.0,2.0,6.0,,,,,0.0,3.0
1475,6.0,5.0,,,,,0.0,5.0,1.0,3.0
1476,6.0,6.0,4.0,6.0,,,,,0.0,3.0
1477,6.0,5.0,,,,,,,3.0,3.0
1478,6.0,5.0,5.0,5.0,,,,,3.0,0.0
1479,5.0,5.0,5.0,4.0,,,,,2.0,0.0
1480,4.0,5.0,,,,,0.0,5.0,2.0,0.0
1481,4.0,4.0,5.0,4.0,,,,,2.0,0.0
1482,4.0,3.0,4.0,4.0,,,,,2.0,0.0
1483,5.0,3.0,,,,,,,2.0,0.0
1484,5.0,3.0,3.0,3.0,,,,,2.0,0.0
1485,6.0,3.0,,,,,,,3.0,0.0
1486,6.0,3.0,,,,,,,3.0,3.0
1487,5.0,3.0,,,,,,,3.0,3.0
1488,4.0,3.0,,,,,,,3.0,3.0
1489,4.0,4.0,4.0,4.0,,,,,3.0,3.0
1490,3.0,4.0,5.0,4.0,,,3.0,6.0,3.0,0.0
1491,3.0,5.0,,,,,3.0,6.0,3.0,0.0
1492,4.0,5.0,,,,,4.0,6.0,3.0,0.0
1493,4.0,6.0,,,,,4.0,6.0,0.0,0.0
1494,4.0,6.0,,,,,4.0,6.0,0.0,0.0
1495,4.0,6.0,,,,,4.0,6.0,0.0,0.0
1496,4.0,6.0,4.0,2.0,,,5.0,6.0,0.0,0.0
1497,4.0,5.0,4.0,3.0,,,,,0.0,0.0
1498,5.0,5.0,,,,,,,0.0,0.0
1499,6.0,5.0,,,,,6.0,6.0,3.0,0.0
1500,6.0,5.0,,,,,6.0,5.0,0.0,0.0
1501,6.0,6.0,,,,,,,0.0,0.0
1502,6.0,5.0,,,,,6.0,5.0,0.0,0.0
1503,6.0,6.0,,,,,6.0,4.0,0.0,0.0
1504,6.0,6.0,,,,,6.0,5.0,0.0,0.0
1505,6.0,5.0,,,,,6.0,5.0,0.0,0.0
1506,6.0,6.0,,,,,6.0,4.0,0.0,1.0
1507,6.0,6.0,,,,,6.0,5.0,0.0,1.0
1508,6.0,6.0,,,,,6.0,5.0,0.0,1.0
1509,6.0,6.0,,,3.0,6.0,6.0,5.0,0.0,1.0
1510,6.0,6.0,,,3.0,6.0,6.0,5.0,0.0,1.0
1511,6.0,5.0,,,,,6.0,6.0,3.0,1.0
1512,5.0,5.0,,,,,5.0,6.0,3.0,1.0
1513,4.0,5.0,,,,,,,0.0,1.0
1514,4.0,4.0,,,4.0,6.0,,,0.0,1.0
1515,3.0,4.0,,,,,,,0.0,1.0
1516,3.0,4.0,,,3.0,6.0,,,0.0,1.0
1517,4.0,4.0,,,,,,,0.0,1.0
1518,3.0,4.0,,,,,,,0.0,1.0
1519,3.0,5.0,,,,,,,0.0,1.0
1520,4.0,5.0,,,,,,,2.0,1.0
1521,5.0,5.0,,,,,,,2.0,1.0
1522,5.0,5.0,,,,,2.0,5.0,2.0,1.0
1523,4.0,5.0,,,,,1.0,5.0,2.0,1.0
1524,4.0,5.0,,,3.0,5.0,2.0,5.0,2.0,1.0
1525,4.0,6.0,,,3.0,6.0,,,2.0,1.0
1526,4.0,6.0,,,2.0,6.0,,,2.0,1.0
1527,5.0,6.0,,,2.0,6.0,,,2.0,1.0
1528,5.0,6.0,,,,,1.0,6.0,2.0,1.0
1529,6.0,6.0,,,,,0.0,6.0,3.0,1.0
1530,5.0,6.0,,,,,1.0,6.0,2.0,1.0
1531,6.0,6.0,,,,,1.0,6.0,3.0,1.0
1532,6.0,6.0,,,,,,,0.0,1.0
1533,6.0,5.0,,,,,1.0,5.0,1.0,1.0
1534,6.0,6.0,,,,,,,0.0,1.0
1535,5.0,6.0,,,,,,,2.0,1.0
1536,5.0,5.0,,,4.0,5.0,,,2.0,1.0
1537,5.0,4.0,,,,,3.0,4.0,2.0,1.0
1538,5.0,3.0,,,,,,,2.0,1.0
1539,5.0,3.0,5.0,2.0,,,,,2.0,1.0
1540,4.0,3.0,,,4.0,5.0,,,2.0,1.0
1541,4.0,4.0,,,4.0,6.0,3.0,4.0,2.0,1.0
1542,4.0,3.0,,,4.0,5.0,,,3.0,1.0
1543,4.0,4.0,,,4.0,4.0,,,2.0,1.0
1544,3.0,4.0,,,,,3.0,4.0,0.0,0.0
1545,2.0,4.0,5.0,4.0,,,4.0,4.0,0.0,0.0
1546,2.0,4.0,,,,,4.0,4.0,0.0,0.0
1547,2.0,3.0,,,5.0,3.0,,,0.0,1.0
1548,3.0,3.0,5.0,3.0,6.0,3.0,,,0.0,2.0
1549,4.0,3.0,,,,,,,0.0,2.0
1550,5.0,3.0,5.0,1.0,,,5.0,4.0,3.0,2.0
1551,4.0,3.0,4.0,1.0,,,,,3.0,2.0
1552,4.0,4.0,,,,,4.0,5.0,3.0,2.0
1553,4.0,4.0,,,,,4.0,4.0,0.0,2.0
1554,3.0,4.0,,,,,,,0.0,0.0
1555,3.0,3.0,,,,,,,3.0,0.0
1556,3.0,4.0,,,,,3.0,5.0,3.0,0.0
1557,3.0,5.0,,,,,3.0,6.0,3.0,0.0
1558,4.0,5.0,,,4.0,2.0,,,2.0,0.0
1559,4.0,4.0,,,,,,,2.0,0.0
1560,5.0,4.0,,,5.0,1.0,,,2.0,0.0
1561,4.0,4.0,,,4.0,1.0,,,3.0,0.0
1562,4.0,4.0,,,4.0,0.0,,,2.0,0.0
1563,3.0,4.0,,,,,,,3.0,0.0
1564,3.0,3.0,,,,,,,3.0,0.0
1565,3.0,3.0,,,,,,,2.0,0.0
1566,2.0,3.0,,,,,,,2.0,0.0
1567,1.0,3.0,,,,,1.0,4.0,3.0,0.0
1568,1.0,2.0,,,,,1.0,5.0,3.0,0.0
1569,1.0,3.0,,,,,1.0,5.0,3.0,3.0
1570,1.0,4.0,,,,,1.0,4.0,0.0,0.0
1571,1.0,5.0,,,,,1.0,4.0,1.0,3.0
1572,0.0,5.0,,,,,,,1.0,3.0
1573,0.0,6.0,,,,,,,2.0,3.0
1574,0.0,5.0,5.0,5.0,,,,,1.0,3.0
1575,0.0,4.0,,,,,4.0,4.0,1.0,3.0
1576,0.0,5.0,,,,,4.0,5.0,1.0,3.0
1577,0.0,4.0,5.0,4.0,,,,,3.0,3.0
1578,0.0,4.0,6.0,4.0,,,,,3.0,3.0
1579,0.0,5.0,6.0,5.0,,,,,3.0,3.0
1580,0.0,6.0,,,,,5.0,6.0,3.0,3.0
1581,0.0,6.0,,,,,5.0,6.0,3.0,3.0
1582,0.0,6.0,,,,,6.0,6.0,3.0,3.0
1583,0.0,6.0,,,,,5.0,6.0,3.0,3.0
1584,0.0,6.0,,,,,5.0,6.0,3.0,3.0
1585,0.0,5.0,,,,,,,3.0,3.0
1586,0.0,5.0,,,,,,,3.0,3.0
1587,0.0,4.0,,,,,,,3.0,3.0
1588,0.0,5.0,,,,,,,3.0,3.0
1589,0.0,5.0,,,,,,,3.0,3.0
1590,0.0,5.0,5.0,5.0,,,6.0,5.0,1.0,3.0
1591,0.0,5.0,6.0,5.0,,,6.0,5.0,1.0,3.0
1592,1.0,5.0,5.0,5.0,,,,,0.0,3.0
1593,0.0,5.0,6.0,5.0,,,6.0,5.0,1.0,3.0
1594,1.0,5.0,6.0,5.0,,,6.0,5.0,0.0,3.0
1595,2.0,5.0,5.0,5.0,,,,,0.0,3.0
1596,2.0,4.0,,,,,,,0.0,3.0
1597,1.0,4.0,,,,,,,0.0,3.0
1598,1.0,3.0,,,,,,,0.0,3.0
1599,2.0,3.0,,,,,,,0.0,3.0
1600,2.0,2.0,,,,,,,3.0,3.0
1601,1.0,2.0,,,,,,,0.0,3.0
1602,1.0,2.0,,,,,,,0.0,3.0
1603,1.0,2.0,,,,,,,0.0,3.0
1604,1.0,2.0,,,,,,,0.0,3.0
1605,1.0,2.0,,,,,,,0.0,3.0
1606,0.0,2.0,,,4.0,2.0,,,3.0,3.0
1607,0.0,3.0,,,4.0,3.0,,,3.0,2.0
1608,0.0,3.0,,,4.0,3.0,,,3.0,2.0
1609,0.0,3.0,0.0,4.0,3.0,3.0,3.0,3.0,1.0,2.0
1610,0.0,4.0,0.0,4.0,,,,,1.0,2.0
1611,0.0,4.0,0.0,4.0,,,,,1.0,2.0
1612,0.0,4.0,0.0,4.0,,,3.0,4.0,1.0,2.0
1613,1.0,4.0,0.0,4.0,,,2.0,4.0,0.0,2.0
1614,2.0,4.0,,,,,1.0,4.0,2.0,2.0
1615,3.0,4.0,,,,,0.0,4.0,2.0,2.0
1616,4.0,4.0,,,4.0,3.0,0.0,4.0,2.0,2.0
1617,3.0,4.0,,,,,,,2.0,2.0
1618,3.0,4.0,,,5.0,4.0,,,2.0,2.0
1619,3.0,3.0,,,,,,,2.0,2.0
1620,2.0,3.0,,,,,,,2.0,2.0
1621,2.0,3.0,,,,,0.0,3.0,2.0,2.0
1622,3.0,3.0,,,,,1.0,3.0,2.0,2.0
1623,4.0,3.0,,,,,1.0,3.0,2.0,2.0
1624,4.0,4.0,,,,,,,2.0,2.0
1625,3.0,4.0,,,,,,,1.0,2.0
1626,3.0,3.0,1.0,3.0,,,2.0,3.0,2.0,2.0
1627,3.0,2.0,1.0,2.0,,,3.0,3.0,3.0,2.0
1628,2.0,2.0,,,,,2.0,3.0,3.0,1.0
1629,3.0,2.0,,,,,2.0,2.0,2.0,2.0
1630,3.0,2.0,,,,,,,1.0,2.0
1631,3.0,2.0,,,,,2.0,2.0,2.0,2.0
1632,4.0,2.0,,,,,,,2.0,2.0
1633,4.0,3.0,,,5.0,3.0,,,2.0,2.0
1634,4.0,4.0,,,,,,,1.0,2.0
1635,4.0,4.0,,,,,,,1.0,2.0
1636,4.0,3.0,,,4.0,3.0,3.0,3.0,2.0,1.0
1637,4.0,4.0,,,4.0,3.0,,,1.0,2.0
1638,4.0,4.0,,,,,,,1.0,1.0
1639,3.0,4.0,,,,,3.0,3.0,1.0,1.0
1640,3.0,4.0,,,3.0,3.0,,,1.0,1.0
1641,2.0,4.0,,,,,2.0,3.0,1.0,2.0
1642,2.0,5.0,,,,,2.0,3.0,1.0,1.0
1643,1.0,5.0,,,3.0,5.0,,,0.0,1.0
1644,1.0,6.0,,,,,,,0.0,1.0
1645,2.0,6.0,,,2.0,6.0,,,0.0,1.0
1646,3.0,6.0,,,2.0,6.0,3.0,4.0,0.0,1.0
1647,3.0,6.0,,,,,3.0,5.0,0.0,1.0
1648,3.0,6.0,,,3.0,5.0,3.0,4.0,0.0,1.0
1649,2.0,6.0,,,,,,,0.0,1.0
1650,2.0,6.0,,,,,,,0.0,2.0
1651,3.0,6.0,,,,,3.0,3.0,0.0,1.0
1652,4.0,6.0,,,4.0,4.0,,,2.0,1.0
1653,4.0,5.0,,,4.0,3.0,,,1.0,2.0
1654,4.0,6.0,,,4.0,4.0,,,2.0,1.0
1655,4.0,6.0,,,4.0,5.0,,,2.0,1.0
1656,4.0,6.0,,,,,4.0,2.0,0.0,1.0
1657,4.0,6.0,,,3.0,6.0,4.0,1.0,0.0,1.0
1658,4.0,5.0,,,,,4.0,1.0,1.0,1.0
1659,4.0,4.0,,,,,4.0,2.0,1.0,1.0
1660,4.0,5.0,,,,,4.0,3.0,1.0,1.0
1661,4.0,6.0,,,2.0,6.0,4.0,3.0,0.0,1.0
1662,4.0,6.0,,,3.0,6.0,,,0.0,1.0
1663,3.0,6.0,,,3.0,5.0,,,0.0,1.0
1664,3.0,6.0,,,3.0,6.0,,,0.0,1.0
1665,3.0,6.0,,,3.0,6.0,,,0.0,1.0
1666,2.0,6.0,2.0,0.0,3.0,6.0,,,0.0,1.0
1667,3.0,6.0,,,3.0,6.0,,,0.0,1.0
1668,3.0,5.0,,,3.0,6.0,4.0,5.0,0.0,1.0
1669,3.0,6.0,,,2.0,6.0,,,0.0,1.0
1670,3.0,6.0,3.0,0.0,,,,,0.0,1.0
1671,3.0,6.0,3.0,1.0,3.0,5.0,,,0.0,1.0
1672,3.0,6.0,3.0,0.0,3.0,4.0,,,0.0,1.0
1673,2.0,6.0,,,,,,,0.0,1.0
1674,1.0,6.0,,,,,5.0,6.0,0.0,1.0
1675,1.0,5.0,1.0,0.0,,,5.0,5.0,0.0,1.0
1676,1.0,5.0,,,,,,,0.0,1.0
1677,0.0,5.0,,,,,5.0,5.0,1.0,1.0
1678,0.0,6.0,,,,,,,2.0,1.0
1679,0.0,6.0,,,,,,,2.0,1.0
1680,0.0,6.0,,,,,,,2.0,1.0
1681,0.0,5.0,,,,,,,3.0,1.0
1682,0.0,5.0,,,,,,,3.0,1.0
1683,0.0,5.0,,,,,6.0,5.0,1.0,2.0
1684,0.0,4.0,,,,,6.0,4.0,1.0,1.0
1685,0.0,4.0,0.0,2.0,,,,,3.0,2.0
1686,0.0,5.0,0.0,2.0,,,,,1.0,2.0
1687,0.0,6.0,0.0,3.0,,,,,2.0,2.0
1688,0.0,6.0,0.0,3.0,,,,,2.0,2.0
1689,1.0,6.0,,,,,,,0.0,2.0
1690,1.0,6.0,,,,,,,0.0,2.0
1691,1.0,5.0,,,,,,,0.0,2.0
1692,0.0,5.0,0.0,2.0,,,,,1.0,2.0
1693,0.0,5.0,,,,,5.0,5.0,1.0,2.0
1694,0.0,4.0,,,,,,,3.0,2.0
1695,0.0,4.0,,,,,,,3.0,1.0
1696,0.0,4.0,,,,,,,3.0,1.0
1697,0.0,5.0,,,,,,,1.0,1.0
1698,1.0,5.0,1.0,0.0,1.0,2.0,,,0.0,1.0
1699,1.0,4.0,,,1.0,1.0,5.0,4.0,0.0,1.0
1700,1.0,3.0,,,1.0,0.0,,,0.0,2.0
1701,1.0,2.0,,,,,,,0.0,1.0
1702,1.0,1.0,,,,,,,0.0,1.0
1703,0.0,1.0,0.0,0.0,0.0,0.0,,,3.0,1.0
1704,0.0,0.0,0.0,0.0,0.0,1.0,,,1.0,1.0
1705,1.0,0.0,1.0,0.0,,,,,0.0,0.0
1706,2.0,0.0,1.0,0.0,,,,,0.0,1.0
1707,2.0,1.0,1.0,1.0,2.0,1.0,,,3.0,2.0
1708,2.0,1.0,0.0,1.0,1.0,1.0,2.0,5.0,3.0,2.0
1709,1.0,1.0,,,1.0,2.0,,,3.0,1.0
1710,1.0,2.0,,,2.0,2.0,1.0,5.0,3.0,1.0
1711,1.0,2.0,,,,,1.0,6.0,3.0,1.0
1712,0.0,2.0,0.0,0.0,,,,,3.0,1.0
1713,0.0,2.0,0.0,1.0,,,,,3.0,1.0
1714,0.0,2.0,0.0,2.0,,,,,3.0,1.0
1715,0.0,2.0,0.0,1.0,,,,,3.0,1.0
1716,0.0,3.0,0.0,2.0,1.0,3.0,,,3.0,1.0
1717,0.0,2.0,0.0,2.0,,,,,3.0,1.0
1718,1.0,2.0,,,1.0,3.0,,,3.0,1.0
1719,2.0,2.0,0.0,2.0,2.0,3.0,,,3.0,2.0
1720,2.0,3.0,,,2.0,3.0,,,3.0,2.0
1721,2.0,3.0,,,2.0,3.0,,,0.0,2.0
1722,2.0,2.0,,,2.0,3.0,,,0.0,2.0
1723,2.0,1.0,,,,,,,0.0,0.0
1724,2.0,2.0,,,,,,,0.0,2.0
1725,2.0,1.0,,,,,,,0.0,2.0
1726,3.0,1.0,,,,,,,0.0,3.0
1727,3.0,1.0,,,,,,,0.0,2.0
1728,2.0,1.0,1.0,1.0,,,,,0.0,2.0
1729,2.0,0.0,,,,,,,0.0,2.0
1730,2.0,1.0,,,2.0,1.0,,,0.0,3.0
1731,1.0,1.0,,,3.0,1.0,,,0.0,3.0
1732,1.0,1.0,1.0,3.0,2.0,1.0,5.0,1.0,0.0,3.0
1733,1.0,1.0,,,3.0,1.0,6.0,1.0,0.0,3.0
1734,0.0,1.0,,,4.0,1.0,5.0,1.0,1.0,2.0
1735,0.0,1.0,,,3.0,1.0,5.0,1.0,1.0,3.0
1736,0.0,0.0,,,,,,,1.0,3.0
1737,0.0,1.0,,,,,4.0,1.0,1.0,3.0
1738,0.0,0.0,,,,,,,1.0,1.0
1739,1.0,0.0,,,,,,,0.0,1.0
1740,1.0,0.0,1.0,2.0,,,,,0.0,1.0
1741,1.0,1.0,1.0,2.0,,,,,0.0,2.0
1742,1.0,0.0,1.0,3.0,,,,,0.0,2.0
1743,1.0,0.0,1.0,4.0,,,,,0.0,2.0
1744,1.0,0.0,1.0,4.0,,,,,0.0,2.0
1745,1.0,1.0,1.0,3.0,,,,,0.0,2.0
1746,1.0,0.0,,,,,,,0.0,2.0
1747,1.0,1.0,,,,,,,0.0,2.0
1748,1.0,2.0,,,3.0,2.0,,,0.0,1.0
1749,2.0,2.0,2.0,0.0,4.0,2.0,6.0,2.0,0.0,1.0
1750,2.0,2.0,2.0,0.0,4.0,2.0,,,0.0,1.0
1751,2.0,1.0,2.0,0.0,,,,,0.0,2.0
1752,2.0,2.0,2.0,0.0,,,,,0.0,2.0
1753,2.0,1.0,,,5.0,1.0,,,0.0,2.0
1754,2.0,2.0,2.0,0.0,,,,,0.0,2.0
1755,3.0,2.0,,,,,,,0.0,2.0
1756,3.0,1.0,,,5.0,1.0,,,0.0,2.0
1757,3.0,2.0,,,,,,,0.0,2.0
1758,3.0,2.0,,,,,,,0.0,2.0
1759,3.0,2.0,,,,,,,0.0,2.0
1760,2.0,2.0,2.0,2.0,5.0,2.0,,,0.0,2.0
1761,2.0,3.0,2.0,3.0,,,4.0,3.0,0.0,2.0
1762,2.0,3.0,1.0,3.0,,,,,0.0,2.0
1763,1.0,3.0,2.0,3.0,,,4.0,3.0,0.0,2.0
1764,0.0,3.0,2.0,3.0,,,,,3.0,2.0
1765,0.0,3.0,3.0,3.0,,,,,3.0,2.0
1766,1.0,3.0,,,,,,,0.0,2.0
1767,0.0,3.0,,,,,,,3.0,3.0
1768,0.0,2.0,,,,,,,3.0,0.0
1769,0.0,1.0,3.0,1.0,,,,,3.0,3.0
1770,0.0,0.0,,,2.0,0.0,,,1.0,3.0
1771,0.0,0.0,,,,,,,1.0,3.0
1772,0.0,0.0,,,,,,,1.0,3.0
1773,0.0,0.0,,,,,,,1.0,3.0
1774,0.0,0.0,,,3.0,0.0,,,1.0,3.0
1775,0.0,0.0,,,4.0,0.0,,,1.0,3.0
1776,0.0,1.0,,,,,,,3.0,3.0
1777,0.0,0.0,,,,,,,1.0,2.0
1778,0.0,0.0,0.0,4.0,4.0,0.0,,,1.0,2.0
1779,0.0,0.0,0.0,4.0,4.0,0.0,,,1.0,2.0
1780,0.0,1.0,0.0,5.0,,,,,3.0,3.0
1781,1.0,1.0,,,,,,,0.0,3.0
1782,1.0,0.0,,,2.0,0.0,,,0.0,3.0
1783,0.0,0.0,0.0,6.0,1.0,0.0,,,1.0,3.0
1784,0.0,1.0,0.0,6.0,1.0,1.0,,,3.0,3.0
1785,0.0,1.0,0.0,5.0,,,,,3.0,3.0
1786,1.0,1.0,,,,,,,3.0,3.0
1787,2.0,1.0,,,,,,,3.0,3.0
1788,2.0,1.0,,,,,,,3.0,3.0
1789,3.0,1.0,,,,,,,3.0,3.0
1790,3.0,2.0,,,1.0,2.0,,,3.0,3.0
1791,3.0,3.0,,,,,,,3.0,3.0
1792,4.0,3.0,,,1.0,3.0,,,2.0,3.0
1793,5.0,3.0,,,,,,,2.0,0.0
1794,6.0,3.0,,,,,,,3.0,0.0
1795,6.0,3.0,,,0.0,3.0,,,3.0,0.0
1796,6.0,3.0,,,,,,,3.0,3.0
1797,6.0,3.0,,,0.0,3.0,,,3.0,0.0
1798,5.0,3.0,,,,,,,2.0,0.0
1799,5.0,4.0,,,,,,,2.0,0.0
1800,5.0,5.0,1.0,5.0,,,4.0,5.0,2.0,3.0
1801,5.0,5.0,,,,,,,2.0,0.0
1802,4.0,5.0,1.0,5.0,,,4.0,6.0,3.0,3.0
1803,4.0,4.0,1.0,4.0,0.0,4.0,4.0,6.0,3.0,0.0
1804,4.0,3.0,,,,,4.0,5.0,3.0,2.0
1805,4.0,4.0,,,0.0,4.0,4.0,4.0,0.0,1.0
1806,4.0,4.0,,,1.0,4.0,4.0,4.0,0.0,1.0
1807,3.0,4.0,,,2.0,4.0,3.0,4.0,0.0,2.0
1808,3.0,4.0,0.0,4.0,,,3.0,5.0,3.0,2.0
1809,3.0,5.0,,,,,2.0,5.0,2.0,2.0
1810,3.0,5.0,,,,,,,2.0,3.0
1811,3.0,5.0,,,,,,,2.0,2.0
1812,2.0,5.0,,,2.0,2.0,2.0,5.0,0.0,2.0
1813,2.0,4.0,0.0,4.0,,,2.0,6.0,3.0,3.0
1814,2.0,5.0,,,,,2.0,6.0,3.0,2.0
1815,3.0,5.0,,,,,,,2.0,3.0
1816,3.0,6.0,,,,,2.0,6.0,2.0,3.0
1817,3.0,6.0,,,,,,,2.0,3.0
1818,3.0,5.0,0.0,5.0,,,,,1.0,3.0
1819,3.0,4.0,0.0,4.0,,,3.0,4.0,0.0,3.0
1820,2.0,4.0,0.0,4.0,,,4.0,4.0,0.0,3.0
1821,2.0,3.0,,,1.0,3.0,,,0.0,3.0
1822,1.0,3.0,,,1.0,2.0,,,0.0,3.0
1823,1.0,2.0,,,1.0,1.0,,,3.0,3.0
1824,2.0,2.0,,,2.0,1.0,2.0,6.0,3.0,3.0
1825,2.0,3.0,,,,,,,3.0,3.0
1826,2.0,4.0,,,2.0,1.0,,,2.0,3.0
1827,2.0,4.0,,,2.0,2.0,,,2.0,3.0
1828,2.0,4.0,,,,,,,2.0,3.0
1829,2.0,3.0,,,,,,,2.0,3.0
1830,2.0,2.0,,,2.0,1.0,,,2.0,3.0
1831,3.0,2.0,,,2.0,2.0,,,2.0,3.0
1832,3.0,1.0,,,,,,,3.0,3.0
1833,3.0,0.0,,,,,,,2.0,3.0
1834,3.0,0.0,,,,,,,2.0,3.0
1835,4.0,0.0,,,,,,,2.0,3.0
1836,5.0,0.0,,,0.0,0.0,,,2.0,3.0
1837,4.0,0.0,,,,,,,2.0,3.0
1838,3.0,0.0,,,,,,,2.0,3.0
1839,3.0,0.0,,,,,,,2.0,3.0
1840,3.0,0.0,,,3.0,1.0,,,2.0,3.0
1841,4.0,0.0,,,4.0,1.0,,,2.0,3.0
1842,4.0,1.0,,,3.0,1.0,,,3.0,3.0
1843,4.0,2.0,,,,,,,2.0,2.0
1844,4.0,1.0,,,4.0,1.0,,,3.0,2.0
1845,3.0,1.0,,,,,,,3.0,2.0
1846,3.0,0.0,,,4.0,0.0,,,2.0,3.0
1847,3.0,0.0,,,5.0,0.0,,,2.0,3.0
1848,3.0,0.0,3.0,4.0,4.0,0.0,,,2.0,3.0
1849,3.0,0.0,,,4.0,0.0,,,2.0,3.0
1850,3.0,1.0,3.0,4.0,3.0,0.0,,,3.0,3.0
1851,4.0,1.0,,,,,,,3.0,3.0
1852,4.0,2.0,,,,,,,2.0,3.0
1853,3.0,2.0,3.0,3.0,,,,,2.0,3.0
1854,2.0,2.0,,,2.0,1.0,,,3.0,3.0
1855,3.0,2.0,3.0,4.0,,,,,3.0,3.0
1856,3.0,2.0,,,,,,,2.0,3.0
1857,3.0,3.0,,,,,1.0,3.0,2.0,3.0
1858,3.0,4.0,2.0,4.0,,,,,1.0,3.0
1859,3.0,4.0,2.0,4.0,,,,,1.0,3.0
1860,3.0,4.0,3.0,4.0,,,,,1.0,3.0
1861,3.0,5.0,,,,,3.0,3.0,1.0,3.0
1862,4.0,5.0,,,,,,,1.0,0.0
1863,4.0,4.0,5.0,4.0,,,,,1.0,0.0
1864,4.0,4.0,6.0,4.0,,,,,2.0,0.0
1865,4.0,3.0,6.0,3.0,,,,,2.0,0.0
1866,4.0,2.0,,,,,,,3.0,0.0
1867,4.0,3.0,6.0,3.0,,,4.0,4.0,3.0,0.0
1868,3.0,3.0,5.0,3.0,,,,,3.0,0.0
1869,3.0,4.0,,,,,3.0,5.0,3.0,0.0
1870,3.0,4.0,,,,,,,0.0,0.0
1871,4.0,4.0,,,,,4.0,5.0,3.0,0.0
1872,4.0,4.0,,,,,,,0.0,0.0
1873,5.0,4.0,,,,,5.0,5.0,3.0,0.0
1874,4.0,4.0,,,,,,,0.0,0.0
1875,4.0,3.0,4.0,2.0,,,,,0.0,0.0
1876,4.0,3.0,4.0,2.0,,,6.0,3.0,0.0,0.0
1877,3.0,3.0,,,,,,,0.0,0.0
1878,2.0,3.0,,,2.0,0.0,,,0.0,0.0
1879,3.0,3.0,,,,,,,0.0,0.0
1880,4.0,3.0,4.0,2.0,,,,,0.0,0.0
1881,4.0,3.0,4.0,3.0,,,,,3.0,0.0
1882,3.0,3.0,4.0,3.0,,,,,0.0,0.0
1883,3.0,2.0,4.0,2.0,2.0,2.0,,,0.0,0.0
1884,2.0,2.0,5.0,2.0,2.0,3.0,,,0.0,0.0
1885,3.0,2.0,,,,,,,0.0,0.0
1886,3.0,1.0,5.0,1.0,,,,,3.0,0.0
1887,3.0,1.0,,,,,,,3.0,0.0
1888,2.0,1.0,,,,,,,3.0,0.0
1889,2.0,1.0,,,,,,,0.0,0.0
1890,3.0,1.0,,,,,,,3.0,0.0
1891,3.0,1.0,,,,,,,3.0,0.0
1892,3.0,0.0,,,,,3.0,4.0,0.0,0.0
1893,3.0,1.0,,,,,3.0,4.0,3.0,0.0
1894,3.0,2.0,,,0.0,2.0,,,3.0,0.0
1895,4.0,2.0,,,1.0,2.0,4.0,5.0,3.0,0.0
1896,3.0,2.0,3.0,4.0,2.0,2.0,,,3.0,3.0
1897,3.0,3.0,,,,,,,0.0,3.0
1898,3.0,4.0,,,,,6.0,4.0,0.0,0.0
1899,3.0,5.0,,,,,,,0.0,0.0
1900,3.0,6.0,,,,,,,0.0,0.0
1901,2.0,6.0,,,,,,,0.0,0.0
1902,1.0,6.0,,,1.0,1.0,,,0.0,3.0
1903,0.0,6.0,,,,,,,2.0,0.0
1904,0.0,6.0,,,,,,,2.0,0.0
1905,0.0,6.0,,,,,,,2.0,0.0
1906,0.0,5.0,,,,,,,1.0,0.0
1907,0.0,5.0,,,,,,,1.0,0.0
1908,0.0,5.0,,,,,,,1.0,0.0
1909,0.0,5.0,,,,,,,1.0,0.0
1910,0.0,4.0,,,2.0,4.0,6.0,4.0,1.0,0.0
1911,0.0,4.0,,,2.0,4.0,5.0,4.0,1.0,0.0
1912,0.0,3.0,,,,,,,3.0,0.0
1913,1.0,3.0,,,,,,,0.0,1.0
1914,1.0,4.0,,,,,,,0.0,1.0
1915,1.0,3.0,,,,,,,0.0,1.0
1916,0.0,3.0,,,,,,,3.0,1.0
1917,0.0,4.0,,,,,,,3.0,1.0
1918,0.0,4.0,,,,,,,3.0,1.0
1919,1.0,4.0,,,,,,,0.0,1.0
1920,0.0,4.0,,,,,,,3.0,1.0
1921,0.0,5.0,,,3.0,5.0,,,3.0,1.0
1922,0.0,4.0,,,,,,,3.0,1.0
1923,0.0,5.0,,,,,6.0,5.0,1.0,1.0
1924,0.0,6.0,,,,,,,2.0,1.0
1925,0.0,6.0,,,,,6.0,6.0,3.0,0.0
1926,1.0,6.0,,,,,6.0,6.0,0.0,0.0
1927,1.0,6.0,,,,,5.0,6.0,0.0,0.0
1928,0.0,6.0,,,,,5.0,6.0,3.0,1.0
1929,0.0,6.0,,,,,6.0,6.0,3.0,1.0
1930,0.0,6.0,,,,,5.0,6.0,3.0,1.0
1931,1.0,6.0,,,,,,,0.0,1.0
1932,1.0,5.0,,,,,5.0,5.0,0.0,1.0
1933,2.0,5.0,,,,,,,0.0,1.0
1934,2.0,4.0,,,5.0,4.0,,,0.0,1.0
1935,2.0,3.0,4.0,3.0,,,,,0.0,1.0
1936,3.0,3.0,,,,,,,3.0,1.0
1937,4.0,3.0,4.0,1.0,,,4.0,6.0,3.0,1.0
1938,3.0,3.0,,,,,3.0,6.0,3.0,1.0
1939,4.0,3.0,,,,,4.0,6.0,3.0,1.0
1940,5.0,3.0,,,5.0,5.0,,,3.0,1.0
1941,5.0,2.0,3.0,2.0,,,,,3.0,1.0
1942,5.0,2.0,3.0,2.0,5.0,5.0,,,3.0,1.0
1943,4.0,2.0,,,4.0,5.0,,,3.0,1.0
1944,4.0,1.0,,,4.0,4.0,,,3.0,1.0
1945,4.0,0.0,4.0,0.0,4.0,4.0,,,2.0,1.0
1946,4.0,0.0,5.0,0.0,,,,,2.0,1.0
1947,3.0,0.0,5.0,0.0,,,,,2.0,1.0
1948,3.0,0.0,6.0,0.0,,,,,2.0,1.0
1949,3.0,1.0,,,,,,,3.0,1.0
1950,4.0,1.0,,,,,,,3.0,1.0
1951,5.0,1.0,5.0,0.0,5.0,1.0,,,3.0,1.0
1952,6.0,1.0,6.0,0.0,4.0,1.0,,,3.0,0.0
1953,6.0,0.0,6.0,0.0,4.0,0.0,,,0.0,0.0
1954,6.0,0.0,5.0,0.0,4.0,0.0,,,0.0,0.0
1955,6.0,1.0,5.0,1.0,,,,,3.0,0.0
1956,6.0,0.0,,,,,,,0.0,0.0
1957,6.0,0.0,,,,,,,0.0,0.0
1958,6.0,1.0,,,,,,,3.0,0.0
1959,6.0,2.0,5.0,2.0,4.0,2.0,,,3.0,0.0
1960,6.0,3.0,5.0,3.0,,,,,3.0,0.0
1961,6.0,3.0,,,,,,,3.0,0.0
1962,6.0,3.0,,,,,,,3.0,3.0
1963,6.0,2.0,,,3.0,2.0,,,3.0,3.0
1964,5.0,2.0,5.0,4.0,4.0,2.0,,,2.0,3.0
1965,5.0,3.0,,,,,,,2.0,3.0
1966,4.0,3.0,,,4.0,1.0,4.0,4.0,3.0,3.0
1967,4.0,2.0,,,,,4.0,4.0,3.0,3.0
1968,5.0,2.0,,,,,,,3.0,3.0
1969,5.0,1.0,,,3.0,1.0,5.0,5.0,3.0,3.0
1970,5.0,2.0,5.0,5.0,,,,,3.0,3.0
1971,5.0,3.0,5.0,5.0,,,,,3.0,3.0
1972,5.0,4.0,5.0,5.0,,,,,3.0,3.0
1973,5.0,4.0,5.0,5.0,,,,,3.0,3.0
1974,4.0,4.0,,,4.0,1.0,,,0.0,3.0
1975,4.0,3.0,4.0,5.0,,,,,3.0,3.0
1976,4.0,2.0,4.0,6.0,,,,,3.0,3.0
1977,5.0,2.0,,,,,,,3.0,3.0
1978,5.0,1.0,,,5.0,0.0,,,3.0,3.0
1979,5.0,0.0,,,6.0,0.0,5.0,6.0,0.0,3.0
1980,5.0,0.0,,,,,5.0,6.0,0.0,3.0
1981,6.0,0.0,,,6.0,2.0,,,0.0,3.0
1982,6.0,0.0,,,6.0,2.0,6.0,6.0,0.0,3.0
1983,6.0,1.0,,,6.0,1.0,6.0,5.0,3.0,3.0
1984,6.0,1.0,,,6.0,2.0,,,3.0,3.0
1985,6.0,1.0,,,,,,,3.0,3.0
1986,6.0,1.0,,,6.0,2.0,,,3.0,3.0
1987,6.0,1.0,,,6.0,2.0,,,3.0,3.0
1988,6.0,1.0,,,6.0,2.0,,,3.0,2.0
1989,6.0,2.0,,,6.0,2.0,,,3.0,3.0
1990,6.0,2.0,,,6.0,1.0,,,3.0,3.0
1991,6.0,2.0,,,6.0,2.0,,,3.0,3.0
1992,6.0,2.0,,,6.0,2.0,,,3.0,3.0
1993,6.0,1.0,,,6.0,3.0,,,3.0,2.0
1994,6.0,2.0,,,6.0,4.0,,,3.0,2.0
1995,6.0,2.0,,,,,,,3.0,2.0
1996,6.0,1.0,,,6.0,4.0,,,3.0,2.0
1997,6.0,1.0,,,6.0,4.0,,,3.0,2.0
1998,6.0,1.0,,,,,,,3.0,2.0
1999,5.0,1.0,,,5.0,5.0,,,3.0,2.0
2000,4.0,1.0,,,,,,,3.0,2.0
2001,4.0,0.0,,,,,,,2.0,2.0
2002,4.0,0.0,,,,,,,2.0,2.0
2003,4.0,1.0,,,,,,,3.0,2.0
2004,3.0,1.0,,,,,,,3.0,0.0
2005,4.0,1.0,,,,,,,2.0,3.0
2006,3.0,1.0,,,,,,,3.0,3.0
2007,3.0,2.0,,,,,,,2.0,3.0
2008,3.0,3.0,,,,,1.0,3.0,2.0,3.0
2009,3.0,2.0,,,5.0,2.0,,,2.0,3.0
2010,3.0,1.0,,,,,,,3.0,2.0
2011,3.0,0.0,,,,,,,2.0,2.0
2012,4.0,0.0,4.0,3.0,,,,,2.0,1.0
2013,4.0,0.0,4.0,2.0,4.0,4.0,,,2.0,1.0
2014,4.0,0.0,4.0,3.0,4.0,3.0,,,2.0,0.0
2015,4.0,0.0,4.0,2.0,,,,,2.0,0.0
2016,4.0,0.0,,,,,,,2.0,0.0
2017,3.0,0.0,,,,,,,2.0,0.0
2018,3.0,0.0,,,,,,,2.0,0.0
2019,4.0,0.0,4.0,2.0,,,,,2.0,0.0
2020,4.0,1.0,,,1.0,1.0,,,2.0,0.0
2021,5.0,1.0,3.0,1.0,1.0,1.0,1.0,1.0,2.0,0.0
2022,4.0,1.0,2.0,1.0,2.0,1.0,2.0,1.0,2.0,0.0
2023,4.0,1.0,3.0,1.0,,,3.0,1.0,2.0,0.0
2024,4.0,0.0,4.0,1.0,,,4.0,1.0,0.0,0.0
2025,3.0,0.0,,,,,3.0,1.0,0.0,0.0
2026,3.0,0.0,,,,,,,0.0,0.0
2027,2.0,0.0,,,,,,,0.0,0.0
2028,2.0,0.0,,,,,,,0.0,0.0
2029,2.0,1.0,,,,,2.0,2.0,3.0,0.0
2030,2.0,0.0,,,,,2.0,1.0,0.0,0.0
2031,2.0,1.0,,,,,3.0,1.0,0.0,0.0
2032,3.0,1.0,,,,,3.0,2.0,3.0,0.0
2033,3.0,2.0,,,,,3.0,2.0,0.0,0.0
2034,3.0,1.0,,,,,3.0,1.0,0.0,0.0
2035,3.0,2.0,,,,,,,0.0,0.0
2036,3.0,2.0,,,,,4.0,2.0,0.0,0.0
2037,3.0,2.0,,,,,,,0.0,0.0
2038,3.0,2.0,,,,,,,0.0,0.0
2039,3.0,1.0,6.0,1.0,,,,,0.0,0.0
2040,3.0,2.0,,,,,,,0.0,0.0
2041,3.0,2.0,,,,,,,0.0,0.0
2042,3.0,3.0,,,,,,,0.0,0.0
2043,4.0,3.0,,,,,,,0.0,0.0
2044,4.0,3.0,,,,,,,0.0,0.0
2045,3.0,3.0,,,,,5.0,3.0,0.0,0.0
2046,3.0,3.0,,,2.0,3.0,5.0,3.0,0.0,0.0
2047,2.0,3.0,,,1.0,3.0,,,0.0,0.0
2048,3.0,3.0,,,,,,,0.0,0.0
2049,3.0,3.0,,,,,,,3.0,0.0
2050,3.0,4.0,,,,,,,3.0,0.0
2051,3.0,4.0,,,,,3.0,6.0,3.0,0.0
2052,3.0,4.0,,,,,3.0,6.0,3.0,0.0
2053,2.0,4.0,,,,,,,0.0,0.0
2054,2.0,4.0,,,,,,,0.0,0.0
2055,1.0,4.0,,,,,4.0,4.0,0.0,0.0
2056,1.0,3.0,,,0.0,3.0,,,0.0,0.0
2057,1.0,2.0,,,0.0,2.0,,,0.0,0.0
2058,0.0,2.0,,,0.0,2.0,,,3.0,0.0
2059,0.0,2.0,,,0.0,2.0,,,3.0,0.0
2060,1.0,2.0,,,,,,,0.0,0.0
2061,1.0,2.0,,,,,,,0.0,0.0
2062,1.0,1.0,,,,,,,3.0,0.0
2063,1.0,2.0,,,,,,,0.0,0.0
2064,0.0,2.0,,,0.0,3.0,,,3.0,0.0
2065,0.0,2.0,,,,,,,3.0,0.0
2066,0.0,2.0,,,,,,,3.0,0.0
2067,0.0,2.0,,,2.0,2.0,,,3.0,0.0
2068,1.0,2.0,,,1.0,2.0,,,0.0,0.0
2069,2.0,2.0,,,,,,,3.0,0.0
2070,3.0,2.0,3.0,0.0,,,,,3.0,0.0
2071,3.0,2.0,,,,,,,3.0,1.0
2072,4.0,2.0,,,,,,,3.0,1.0
2073,4.0,2.0,,,,,,,3.0,1.0
2074,4.0,1.0,,,,,,,3.0,1.0
2075,4.0,1.0,,,,,,,3.0,1.0
2076,5.0,1.0,,,,,5.0,6.0,3.0,1.0
2077,6.0,1.0,,,,,,,3.0,1.0
2078,6.0,1.0,,,,,,,3.0,1.0
2079,6.0,1.0,,,,,,,3.0,1.0
2080,6.0,0.0,0.0,0.0,,,,,0.0,1.0
2081,6.0,0.0,0.0,0.0,,,6.0,5.0,0.0,1.0
2082,6.0,0.0,0.0,0.0,,,6.0,4.0,0.0,1.0
2083,5.0,0.0,1.0,0.0,,,,,0.0,1.0
2084,6.0,0.0,0.0,0.0,,,6.0,3.0,0.0,1.0
2085,6.0,0.0,0.0,0.0,,,6.0,4.0,0.0,1.0
2086,6.0,1.0,,,,,6.0,5.0,3.0,1.0
2087,6.0,1.0,,,,,6.0,5.0,3.0,1.0
2088,6.0,0.0,1.0,0.0,,,6.0,5.0,0.0,1.0
2089,6.0,0.0,1.0,0.0,,,,,0.0,1.0
2090,6.0,0.0,2.0,0.0,,,,,0.0,1.0
2091,6.0,1.0,,,,,,,3.0,0.0
2092,6.0,1.0,3.0,1.0,,,,,3.0,0.0
2093,6.0,0.0,,,,,,,0.0,0.0
2094,5.0,0.0,,,,,,,2.0,0.0
2095,5.0,0.0,,,,,,,2.0,0.0
2096,6.0,0.0,,,,,,,0.0,0.0
2097,6.0,0.0,,,,,,,0.0,0.0
2098,6.0,1.0,,,,,,,3.0,0.0
2099,6.0,0.0,,,,,,,0.0,0.0
2100,6.0,0.0,,,,,,,0.0,0.0
2101,6.0,1.0,,,,,,,3.0,0.0
2102,6.0,1.0,,,,,,,3.0,0.0
2103,6.0,1.0,5.0,1.0,,,,,3.0,0.0
2104,6.0,1.0,4.0,1.0,,,,,3.0,1.0
2105,6.0,0.0,4.0,0.0,,,,,0.0,1.0
2106,6.0,0.0,3.0,0.0,,,,,0.0,1.0
2107,5.0,0.0,2.0,0.0,,,,,2.0,1.0
2108,5.0,1.0,,,,,,,2.0,1.0
2109,5.0,0.0,,,5.0,4.0,,,2.0,1.0
2110,5.0,0.0,,,5.0,4.0,,,2.0,2.0
2111,6.0,0.0,,,,,,,0.0,2.0
2112,6.0,1.0,,,,,,,3.0,2.0
2113,6.0,2.0,2.0,2.0,,,,,3.0,1.0
2114,6.0,2.0,,,,,,,3.0,1.0
2115,6.0,1.0,,,,,,,3.0,1.0
2116,6.0,1.0,,,,,,,3.0,1.0
2117,6.0,0.0,,,,,,,0.0,1.0
2118,6.0,0.0,,,,,,,0.0,0.0
2119,6.0,1.0,,,,,,,3.0,0.0
2120,5.0,1.0,,,,,,,2.0,1.0
2121,4.0,1.0,,,,,,,2.0,1.0
2122,3.0,1.0,,,3.0,6.0,,,3.0,1.0
2123,2.0,1.0,4.0,1.0,,,2.0,4.0,3.0,1.0
2124,2.0,2.0,,,,,2.0,4.0,3.0,1.0
2125,2.0,2.0,,,,,2.0,3.0,3.0,1.0
2126,2.0,1.0,6.0,1.0,,,2.0,2.0,3.0,1.0
2127,2.0,0.0,,,,,2.0,1.0,0.0,1.0
2128,2.0,0.0,,,,,,,2.0,1.0
2129,2.0,1.0,,,,,1.0,1.0,2.0,1.0
2130,1.0,1.0,,,,,2.0,1.0,0.0,1.0
2131,2.0,1.0,,,,,2.0,0.0,1.0,1.0
2132,3.0,1.0,,,,,,,2.0,0.0
2133,3.0,1.0,,,,,,,2.0,0.0
2134,3.0,1.0,,,,,,,1.0,0.0
2135,3.0,1.0,,,3.0,5.0,,,2.0,0.0
2136,3.0,0.0,,,3.0,5.0,0.0,0.0,2.0,0.0
2137,3.0,0.0,,,3.0,6.0,0.0,0.0,2.0,0.0
2138,2.0,0.0,,,2.0,6.0,0.0,0.0,2.0,0.0
2139,2.0,0.0,,,,,0.0,0.0,2.0,0.0
2140,2.0,0.0,,,,,1.0,0.0,2.0,0.0
2141,2.0,0.0,,,,,,,2.0,0.0
2142,2.0,0.0,,,,,2.0,1.0,0.0,0.0
2143,1.0,0.0,,,,,,,0.0,0.0
2144,0.0,0.0,,,,,,,1.0,0.0
2145,0.0,1.0,,,,,,,3.0,0.0
2146,0.0,1.0,,,,,,,3.0,0.0
2147,0.0,2.0,,,,,2.0,2.0,1.0,0.0
2148,0.0,2.0,,,,,1.0,2.0,1.0,0.0
2149,0.0,3.0,,,,,0.0,2.0,1.0,0.0
2150,0.0,3.0,,,,,0.0,2.0,1.0,0.0
2151,0.0,3.0,,,,,0.0,3.0,1.0,0.0
2152,0.0,3.0,,,,,0.0,3.0,1.0,0.0
2153,0.0,3.0,,,,,0.0,2.0,1.0,0.0
2154,0.0,3.0,,,,,0.0,2.0,1.0,0.0
2155,0.0,4.0,,,,,0.0,2.0,1.0,0.0
2156,1.0,4.0,,,1.0,3.0,,,1.0,0.0
2157,1.0,5.0,,,1.0,3.0,,,1.0,0.0
2158,1.0,4.0,,,1.0,2.0,1.0,1.0,1.0,0.0
2159,1.0,5.0,,,,,1.0,1.0,1.0,0.0
2160,2.0,5.0,,,,,,,1.0,0.0
2161,2.0,5.0,,,,,2.0,0.0,1.0,0.0
2162,1.0,5.0,,,,,,,1.0,0.0
2163,1.0,6.0,6.0,6.0,1.0,1.0,,,0.0,0.0
2164,1.0,6.0,,,1.0,0.0,1.0,0.0,0.0,0.0
2165,2.0,6.0,,,,,,,2.0,0.0
2166,2.0,6.0,5.0,6.0,,,,,2.0,3.0
2167,3.0,6.0,4.0,6.0,,,,,2.0,3.0
2168,2.0,6.0,4.0,6.0,,,,,2.0,3.0
2169,2.0,5.0,,,2.0,0.0,,,1.0,3.0
2170,3.0,5.0,3.0,6.0,,,,,1.0,3.0
2171,3.0,6.0,2.0,6.0,,,,,2.0,3.0
2172,3.0,6.0,1.0,6.0,,,,,2.0,3.0
2173,2.0,6.0,1.0,6.0,2.0,2.0,2.0,1.0,0.0,3.0
2174,1.0,6.0,1.0,6.0,,,,,0.0,3.0
2175,0.0,6.0,0.0,6.0,,,,,2.0,3.0
2176,0.0,6.0,0.0,6.0,,,,,2.0,3.0
2177,1.0,6.0,,,,,,,0.0,3.0
2178,1.0,5.0,0.0,5.0,,,,,1.0,2.0
2179,1.0,6.0,0.0,6.0,1.0,3.0,1.0,3.0,0.0,3.0
2180,1.0,5.0,0.0,5.0,1.0,3.0,,,1.0,3.0
2181,1.0,5.0,1.0,5.0,,,,,1.0,3.0
2182,1.0,6.0,1.0,4.0,,,,,2.0,3.0
2183,1.0,6.0,,,,,,,2.0,0.0
2184,2.0,6.0,2.0,5.0,,,,,2.0,0.0
2185,2.0,6.0,2.0,4.0,,,,,2.0,0.0
2186,1.0,6.0,,,,,,,0.0,0.0
2187,2.0,6.0,2.0,5.0,,,2.0,0.0,0.0,3.0
2188,1.0,6.0,2.0,6.0,,,,,0.0,3.0
2189,2.0,6.0,3.0,6.0,,,2.0,0.0,0.0,3.0
2190,3.0,6.0,2.0,6.0,,,,,2.0,3.0
2191,2.0,6.0,2.0,6.0,2.0,2.0,2.0,0.0,0.0,3.0
2192,2.0,5.0,2.0,6.0,2.0,1.0,2.0,0.0,1.0,3.0
2193,2.0,5.0,2.0,5.0,,,2.0,0.0,1.0,3.0
2194,2.0,6.0,2.0,4.0,,,,,0.0,3.0
2195,2.0,6.0,2.0,5.0,,,2.0,0.0,0.0,3.0
2196,2.0,6.0,,,,,2.0,1.0,0.0,3.0
2197,2.0,6.0,2.0,5.0,,,2.0,1.0,0.0,2.0
2198,2.0,6.0,,,,,,,0.0,2.0
2199,3.0,6.0,,,,,,,0.0,2.0
2200,3.0,6.0,,,,,3.0,1.0,0.0,2.0
2201,3.0,6.0,2.0,6.0,,,,,0.0,2.0
2202,3.0,5.0,,,,,,,1.0,2.0
2203,3.0,5.0,,,,,,,1.0,2.0
2204,4.0,5.0,,,,,,,1.0,2.0
2205,3.0,5.0,,,,,,,1.0,2.0
2206,2.0,5.0,,,,,,,1.0,2.0
2207,2.0,4.0,2.0,6.0,,,,,0.0,2.0
2208,3.0,4.0,,,,,,,1.0,2.0
2209,3.0,5.0,1.0,5.0,,,,,1.0,2.0
2210,4.0,5.0,,,,,,,1.0,2.0
2211,4.0,5.0,,,,,,,0.0,2.0
2212,5.0,5.0,,,5.0,3.0,5.0,3.0,1.0,2.0
2213,5.0,5.0,0.0,5.0,5.0,2.0,,,1.0,2.0
2214,6.0,5.0,0.0,5.0,6.0,2.0,,,1.0,2.0
2215,6.0,5.0,,,6.0,3.0,,,1.0,2.0
2216,6.0,5.0,,,6.0,2.0,,,1.0,2.0
2217,5.0,5.0,,,,,5.0,2.0,1.0,2.0
2218,6.0,5.0,,,6.0,2.0,6.0,2.0,1.0,2.0
2219,5.0,5.0,,,,,,,1.0,2.0
2220,5.0,5.0,,,,,,,1.0,2.0
2221,4.0,5.0,,,,,,,1.0,2.0
2222,5.0,5.0,,,5.0,3.0,5.0,2.0,1.0,2.0
2223,6.0,5.0,,,,,6.0,2.0,1.0,2.0
2224,6.0,6.0,,,,,,,0.0,2.0
2225,5.0,6.0,,,5.0,3.0,,,0.0,2.0
2226,4.0,6.0,,,,,,,0.0,2.0
2227,4.0,6.0,,,,,,,0.0,2.0
2228,4.0,6.0,,,,,,,0.0,2.0
2229,4.0,6.0,,,,,,,0.0,2.0
2230,3.0,6.0,,,,,,,0.0,2.0
2231,3.0,6.0,,,,,,,0.0,2.0
2232,4.0,6.0,,,,,,,0.0,3.0
2233,4.0,6.0,,,,,,,0.0,2.0
2234,4.0,6.0,,,,,,,0.0,2.0
2235,4.0,6.0,3.0,6.0,,,,,0.0,3.0
2236,4.0,6.0,4.0,6.0,,,,,0.0,3.0
2237,4.0,6.0,5.0,6.0,,,,,0.0,3.0
2238,4.0,5.0,,,,,,,1.0,3.0
2239,4.0,4.0,,,,,,,1.0,3.0
2240,4.0,3.0,4.0,5.0,6.0,3.0,,,1.0,2.0
2241,4.0,2.0,,,6.0,2.0,,,0.0,2.0
2242,4.0,3.0,,,,,,,0.0,3.0
2243,3.0,3.0,3.0,5.0,,,,,0.0,2.0
2244,3.0,3.0,3.0,4.0,,,,,0.0,2.0
2245,4.0,3.0,3.0,3.0,6.0,3.0,,,1.0,2.0
2246,4.0,4.0,,,,,,,1.0,2.0
2247,5.0,4.0,,,5.0,2.0,,,1.0,2.0
2248,5.0,3.0,,,5.0,2.0,,,1.0,2.0
2249,5.0,3.0,,,,,,,1.0,2.0
2250,5.0,3.0,,,,,5.0,1.0,1.0,2.0
2251,5.0,2.0,2.0,2.0,6.0,2.0,5.0,0.0,1.0,2.0
2252,5.0,1.0,,,,,,,0.0,2.0
2253,5.0,1.0,,,,,6.0,1.0,0.0,2.0
2254,5.0,0.0,,,,,,,0.0,2.0
2255,5.0,1.0,,,6.0,1.0,,,0.0,2.0
2256,6.0,1.0,,,6.0,2.0,6.0,1.0,0.0,2.0
2257,5.0,1.0,5.0,2.0,6.0,1.0,6.0,1.0,0.0,2.0
2258,6.0,1.0,6.0,2.0,6.0,0.0,6.0,1.0,0.0,3.0
2259,6.0,1.0,,,6.0,1.0,5.0,1.0,1.0,2.0
2260,6.0,2.0,5.0,2.0,6.0,1.0,6.0,1.0,1.0,2.0
2261,6.0,2.0,,,6.0,2.0,,,1.0,1.0
2262,5.0,2.0,,,6.0,2.0,,,0.0,1.0
2263,5.0,2.0,6.0,2.0,6.0,2.0,,,0.0,0.0
2264,6.0,2.0,6.0,1.0,6.0,1.0,6.0,1.0,1.0,0.0
2265,6.0,3.0,,,,,,,1.0,0.0
2266,6.0,3.0,,,,,,,1.0,1.0
2267,5.0,3.0,5.0,1.0,,,,,1.0,0.0
2268,6.0,3.0,,,,,4.0,3.0,1.0,1.0
2269,6.0,4.0,,,,,,,1.0,1.0
2270,5.0,4.0,,,5.0,2.0,,,0.0,1.0
2271,6.0,4.0,,,,,6.0,4.0,0.0,2.0
2272,6.0,4.0,,,,,6.0,5.0,3.0,2.0
2273,6.0,4.0,,,,,6.0,4.0,0.0,2.0
2274,6.0,4.0,,,,,6.0,5.0,3.0,2.0
2275,6.0,3.0,,,,,,,3.0,2.0
2276,6.0,3.0,,,,,,,3.0,0.0
2277,6.0,2.0,,,2.0,2.0,,,3.0,3.0
2278,6.0,2.0,,,3.0,2.0,,,3.0,3.0
2279,6.0,1.0,,,,,,,3.0,0.0
2280,5.0,1.0,5.0,3.0,2.0,1.0,,,3.0,0.0
2281,5.0,1.0,5.0,4.0,1.0,1.0,,,3.0,0.0
2282,4.0,1.0,4.0,4.0,0.0,1.0,,,0.0,0.0
2283,5.0,1.0,,,0.0,1.0,,,3.0,0.0
2284,5.0,2.0,,,,,,,0.0,0.0
2285,4.0,2.0,4.0,5.0,,,,,0.0,3.0
2286,4.0,1.0,4.0,4.0,0.0,1.0,,,0.0,0.0
2287,4.0,0.0,4.0,3.0,0.0,0.0,,,0.0,0.0
2288,3.0,0.0,,,1.0,0.0,,,0.0,0.0
2289,2.0,0.0,,,1.0,0.0,,,0.0,0.0
2290,2.0,0.0,,,0.0,0.0,,,0.0,0.0
2291,3.0,0.0,,,0.0,0.0,,,0.0,0.0
2292,3.0,0.0,,,0.0,0.0,,,0.0,0.0
2293,2.0,0.0,,,0.0,0.0,,,0.0,0.0
2294,2.0,0.0,,,0.0,0.0,,,0.0,0.0
2295,1.0,0.0,,,,,,,0.0,0.0
2296,1.0,0.0,,,,,,,0.0,0.0
2297,1.0,0.0,,,1.0,1.0,,,0.0,3.0
2298,2.0,0.0,,,,,,,0.0,0.0
2299,2.0,1.0,,,1.0,1.0,,,0.0,3.0
2300,3.0,1.0,3.0,3.0,,,,,0.0,0.0
2301,3.0,1.0,3.0,2.0,,,4.0,1.0,0.0,0.0
2302,2.0,1.0,,,,,3.0,1.0,0.0,0.0
2303,1.0,1.0,,,1.0,2.0,3.0,1.0,0.0,0.0
2304,1.0,0.0,,,1.0,1.0,,,0.0,0.0
2305,2.0,0.0,2.0,1.0,,,,,0.0,0.0
2306,1.0,0.0,,,1.0,2.0,3.0,0.0,0.0,0.0
2307,2.0,0.0,,,,,4.0,0.0,0.0,0.0
2308,2.0,0.0,,,,,4.0,0.0,0.0,0.0
2309,2.0,1.0,3.0,1.0,1.0,1.0,,,0.0,0.0
2310,3.0,1.0,4.0,1.0,1.0,1.0,,,0.0,0.0
2311,2.0,1.0,,,0.0,1.0,,,0.0,0.0
2312,2.0,2.0,,,,,,,0.0,0.0
2313,2.0,3.0,,,,,,,0.0,0.0
2314,2.0,4.0,,,,,,,0.0,0.0
2315,1.0,4.0,,,,,,,0.0,0.0
2316,2.0,4.0,,,,,,,0.0,0.0
2317,2.0,4.0,,,,,,,0.0,0.0
2318,2.0,5.0,,,,,,,1.0,0.0
2319,2.0,5.0,,,,,,,1.0,0.0
2320,2.0,4.0,,,0.0,4.0,,,1.0,0.0
2321,3.0,4.0,,,1.0,4.0,,,1.0,0.0
2322,3.0,3.0,3.0,1.0,,,,,0.0,1.0
2323,3.0,3.0,3.0,2.0,,,,,0.0,0.0
2324,2.0,3.0,2.0,2.0,,,,,0.0,1.0
2325,3.0,3.0,3.0,2.0,,,,,0.0,1.0
2326,3.0,4.0,3.0,1.0,,,,,0.0,1.0
2327,3.0,3.0,3.0,0.0,,,,,0.0,1.0
2328,4.0,3.0,,,,,,,1.0,1.0
2329,4.0,3.0,4.0,0.0,,,4.0,1.0,1.0,1.0
2330,3.0,3.0,,,1.0,3.0,3.0,1.0,1.0,0.0
2331,2.0,3.0,,,0.0,3.0,,,0.0,0.0
2332,2.0,3.0,2.0,0.0,0.0,3.0,,,1.0,1.0
2333,3.0,3.0,,,0.0,3.0,3.0,1.0,1.0,1.0
2334,3.0,4.0,,,,,3.0,2.0,1.0,1.0
2335,4.0,4.0,,,,,,,1.0,1.0
2336,4.0,4.0,,,,,4.0,2.0,1.0,1.0
2337,4.0,3.0,,,,,4.0,1.0,1.0,0.0
2338,3.0,3.0,,,,,3.0,1.0,1.0,0.0
2339,3.0,3.0,,,,,,,1.0,0.0
2340,3.0,4.0,,,,,,,1.0,0.0
2341,3.0,3.0,,,,,,,0.0,0.0
2342,3.0,2.0,,,,,,,0.0,1.0
2343,2.0,2.0,2.0,0.0,2.0,1.0,,,0.0,1.0
2344,3.0,2.0,,,,,,,0.0,2.0
2345,3.0,1.0,,,,,,,0.0,2.0
2346,3.0,2.0,,,3.0,0.0,,,0.0,2.0
2347,2.0,2.0,,,,,,,0.0,2.0
2348,3.0,2.0,,,,,6.0,2.0,0.0,2.0
2349,4.0,2.0,,,,,6.0,2.0,0.0,2.0
2350,4.0,2.0,,,,,,,0.0,2.0
2351,4.0,3.0,,,,,,,1.0,2.0
2352,4.0,3.0,,,,,4.0,1.0,1.0,2.0
2353,5.0,3.0,,,,,,,1.0,2.0
2354,4.0,3.0,,,,,,,1.0,2.0
2355,3.0,3.0,,,,,,,0.0,2.0
2356,3.0,3.0,,,3.0,0.0,3.0,2.0,1.0,2.0
2357,2.0,3.0,,,,,,,1.0,2.0
2358,2.0,2.0,,,,,2.0,1.0,1.0,2.0
2359,3.0,2.0,0.0,2.0,,,2.0,2.0,2.0,2.0
2360,4.0,2.0,,,4.0,1.0,1.0,2.0,2.0,2.0
2361,3.0,2.0,0.0,2.0,,,2.0,2.0,2.0,2.0
2362,3.0,3.0,,,,,2.0,3.0,2.0,2.0
2363,2.0,3.0,0.0,3.0,,,1.0,3.0,2.0,2.0
2364,2.0,2.0,,,,,,,2.0,2.0
2365,2.0,2.0,,,,,,,2.0,2.0
2366,2.0,1.0,,,,,,,2.0,2.0
2367,2.0,2.0,,,,,1.0,2.0,2.0,2.0
2368,3.0,2.0,,,6.0,2.0,2.0,2.0,2.0,2.0
2369,2.0,2.0,,,5.0,2.0,2.0,2.0,0.0,2.0
2370,3.0,2.0,,,,,,,2.0,3.0
2371,2.0,2.0,,,5.0,2.0,2.0,4.0,3.0,2.0
2372,1.0,2.0,1.0,6.0,6.0,2.0,,,3.0,2.0
2373,1.0,1.0,1.0,6.0,6.0,1.0,,,3.0,2.0
2374,2.0,1.0,,,6.0,1.0,,,3.0,2.0
2375,2.0,0.0,,,,,,,0.0,2.0
2376,2.0,0.0,,,,,,,0.0,3.0
2377,1.0,0.0,1.0,6.0,,,,,0.0,2.0
2378,0.0,0.0,,,,,,,1.0,3.0
2379,0.0,1.0,0.0,6.0,,,,,3.0,2.0
2380,0.0,1.0,0.0,6.0,,,,,3.0,2.0
2381,0.0,2.0,,,,,,,3.0,2.0
2382,0.0,1.0,,,,,,,3.0,2.0
2383,1.0,1.0,1.0,6.0,,,,,0.0,2.0
2384,1.0,0.0,1.0,6.0,,,,,0.0,2.0
2385,0.0,0.0,,,,,,,1.0,2.0
2386,0.0,1.0,,,,,,,3.0,2.0
2387,0.0,0.0,,,,,,,1.0,2.0
2388,0.0,1.0,,,,,,,3.0,2.0
2389,0.0,0.0,,,,,,,1.0,2.0
2390,0.0,0.0,,,,,,,1.0,2.0
2391,0.0,0.0,,,,,,,1.0,2.0
2392,0.0,1.0,,,,,,,3.0,2.0
2393,0.0,1.0,,,,,,,3.0,2.0
2394,1.0,1.0,,,,,,,0.0,2.0
2395,0.0,1.0,,,,,,,3.0,2.0
2396,0.0,2.0,,,,,6.0,2.0,1.0,2.0
2397,0.0,1.0,,,,,,,3.0,2.0
2398,0.0,1.0,,,,,5.0,1.0,1.0,2.0
2399,0.0,2.0,,,,,5.0,2.0,1.0,2.0
2400,0.0,1.0,,,,,,,3.0,2.0
2401,0.0,2.0,,,,,5.0,2.0,1.0,2.0
2402,0.0,1.0,,,,,5.0,1.0,1.0,2.0
2403,0.0,2.0,,,,,,,1.0,3.0
2404,0.0,2.0,,,6.0,2.0,5.0,2.0,1.0,3.0
2405,0.0,1.0,,,,,,,3.0,3.0
2406,0.0,1.0,,,,,,,3.0,3.0
2407,0.0,1.0,,,,,,,3.0,3.0
2408,0.0,0.0,,,,,,,1.0,2.0
2409,1.0,0.0,,,,,,,0.0,2.0
2410,0.0,0.0,,,,,,,1.0,2.0
2411,0.0,0.0,,,,,,,1.0,3.0
2412,0.0,0.0,,,,,,,1.0,3.0
2413,1.0,0.0,,,,,,,0.0,2.0
2414,1.0,0.0,,,,,6.0,0.0,0.0,2.0
2415,1.0,0.0,,,,,6.0,0.0,0.0,3.0
2416,1.0,1.0,,,,,,,0.0,2.0
2417,1.0,2.0,,,,,,,0.0,2.0
2418,0.0,2.0,,,,,,,1.0,2.0
2419,0.0,3.0,,,,,,,1.0,2.0
2420,0.0,3.0,,,,,,,1.0,2.0
2421,0.0,3.0,,,,,,,1.0,2.0
2422,0.0,3.0,,,,,,,1.0,2.0
2423,0.0,4.0,2.0,4.0,,,,,1.0,2.0
2424,0.0,4.0,1.0,4.0,,,,,1.0,2.0
2425,0.0,3.0,,,,,,,1.0,2.0
2426,0.0,4.0,1.0,4.0,,,,,1.0,2.0
2427,0.0,3.0,0.0,4.0,,,,,1.0,2.0
2428,0.0,2.0,0.0,3.0,,,,,1.0,2.0
2429,0.0,2.0,0.0,3.0,,,,,1.0,2.0
2430,1.0,2.0,,,,,,,0.0,2.0
2431,0.0,2.0,0.0,5.0,,,,,1.0,2.0
2432,1.0,2.0,1.0,5.0,,,,,0.0,2.0
2433,1.0,1.0,1.0,6.0,,,5.0,1.0,0.0,2.0
2434,1.0,1.0,,,,,6.0,1.0,0.0,2.0
2435,2.0,1.0,,,,,,,0.0,2.0
2436,2.0,1.0,,,,,,,0.0,2.0
2437,1.0,1.0,,,,,,,0.0,2.0
2438,1.0,0.0,,,,,5.0,0.0,0.0,2.0
2439,1.0,0.0,,,,,6.0,0.0,0.0,2.0
2440,2.0,0.0,,,,,6.0,0.0,0.0,2.0
2441,1.0,0.0,,,,,6.0,0.0,0.0,2.0
2442,1.0,0.0,,,,,6.0,0.0,0.0,2.0
2443,1.0,0.0,1.0,5.0,,,6.0,0.0,0.0,2.0
2444,0.0,0.0,,,,,6.0,0.0,1.0,2.0
2445,0.0,1.0,0.0,6.0,,,,,1.0,2.0
2446,0.0,2.0,,,,,,,1.0,2.0
2447,1.0,2.0,,,,,,,0.0,2.0
2448,1.0,1.0,,,,,,,0.0,2.0
2449,1.0,2.0,,,,,,,0.0,2.0
2450,1.0,1.0,1.0,6.0,,,,,0.0,2.0
2451,1.0,0.0,1.0,6.0,,,6.0,0.0,0.0,2.0
2452,2.0,0.0,,,,,6.0,0.0,0.0,2.0
2453,3.0,0.0,,,,,5.0,0.0,0.0,2.0
2454,3.0,0.0,,,,,4.0,0.0,0.0,2.0
2455,3.0,0.0,,,,,5.0,0.0,0.0,2.0
2456,2.0,0.0,,,,,,,0.0,2.0
2457,1.0,0.0,,,,,,,0.0,2.0
2458,0.0,0.0,,,,,,,1.0,2.0
2459,0.0,0.0,0.0,6.0,,,,,1.0,2.0
2460,1.0,0.0,1.0,6.0,,,,,0.0,2.0
2461,0.0,0.0,0.0,6.0,,,,,1.0,2.0
2462,0.0,0.0,0.0,6.0,,,,,1.0,2.0
2463,1.0,0.0,1.0,6.0,,,,,0.0,2.0
2464,2.0,0.0,,,,,,,0.0,2.0
2465,3.0,0.0,,,,,,,0.0,2.0
2466,3.0,0.0,,,,,,,0.0,2.0
2467,2.0,0.0,,,,,,,0.0,2.0
2468,2.0,0.0,2.0,5.0,,,4.0,0.0,0.0,2.0
2469,2.0,0.0,2.0,5.0,,,,,0.0,2.0
2470,2.0,0.0,,,,,,,0.0,1.0
2471,2.0,0.0,,,,,,,0.0,1.0
2472,2.0,0.0,,,,,,,0.0,1.0
2473,3.0,0.0,,,3.0,6.0,,,0.0,1.0
2474,3.0,0.0,,,3.0,6.0,3.0,2.0,0.0,2.0
2475,4.0,0.0,,,,,,,2.0,1.0
2476,5.0,0.0,,,,,,,2.0,2.0
2477,5.0,1.0,,,,,,,2.0,2.0
2478,4.0,1.0,,,,,4.0,2.0,3.0,2.0
2479,3.0,1.0,,,,,,,3.0,1.0
2480,2.0,1.0,,,2.0,4.0,,,0.0,1.0
2481,1.0,1.0,1.0,3.0,,,,,0.0,2.0
2482,1.0,2.0,,,2.0,2.0,,,0.0,2.0
2483,1.0,1.0,1.0,3.0,,,,,0.0,2.0
2484,1.0,1.0,1.0,4.0,,,,,0.0,3.0
2485,1.0,2.0,1.0,3.0,,,,,0.0,2.0
2486,1.0,1.0,,,,,,,0.0,2.0
2487,2.0,1.0,,,2.0,3.0,,,2.0,2.0
2488,2.0,2.0,,,,,,,2.0,2.0
2489,1.0,2.0,,,,,1.0,3.0,3.0,2.0
2490,1.0,1.0,,,,,1.0,4.0,3.0,2.0
2491,1.0,2.0,,,,,,,3.0,2.0
2492,1.0,1.0,1.0,5.0,,,,,3.0,2.0
2493,2.0,1.0,,,,,2.0,5.0,3.0,2.0
2494,2.0,0.0,,,,,2.0,6.0,0.0,2.0
2495,3.0,0.0,,,,,3.0,6.0,0.0,2.0
2496,3.0,0.0,,,,,3.0,5.0,0.0,2.0
2497,2.0,0.0,2.0,4.0,,,,,0.0,2.0
2498,3.0,0.0,,,,,,,0.0,2.0
2499,2.0,0.0,2.0,3.0,,,,,0.0,2.0
2500,2.0,0.0,2.0,2.0,,,,,0.0,2.0
2501,2.0,0.0,,,,,,,0.0,2.0
2502,1.0,0.0,,,,,,,0.0,1.0
2503,0.0,0.0,3.0,0.0,,,,,1.0,1.0
2504,0.0,0.0,2.0,0.0,,,,,1.0,1.0
2505,0.0,1.0,,,,,,,3.0,1.0
2506,0.0,1.0,,,,,,,3.0,1.0
2507,1.0,1.0,,,,,,,0.0,1.0
2508,1.0,2.0,,,,,,,0.0,1.0
2509,1.0,1.0,,,,,,,0.0,1.0
2510,0.0,1.0,,,,,,,3.0,1.0
2511,1.0,1.0,,,,,,,3.0,1.0
2512,1.0,2.0,3.0,2.0,,,,,3.0,1.0
2513,0.0,2.0,,,,,,,3.0,1.0
2514,0.0,3.0,,,,,,,3.0,1.0
2515,0.0,3.0,,,,,0.0,6.0,3.0,1.0
2516,0.0,3.0,,,,,0.0,5.0,3.0,1.0
2517,0.0,4.0,,,,,,,3.0,2.0
2518,0.0,5.0,,,6.0,5.0,,,3.0,2.0
2519,0.0,6.0,,,,,,,2.0,2.0
2520,1.0,6.0,,,,,,,2.0,2.0
2521,0.0,6.0,,,,,0.0,6.0,2.0,2.0
2522,0.0,6.0,,,,,0.0,5.0,2.0,2.0
2523,0.0,5.0,,,,,1.0,5.0,1.0,2.0
2524,1.0,5.0,1.0,3.0,,,2.0,5.0,0.0,2.0
2525,1.0,4.0,,,6.0,4.0,,,3.0,2.0
2526,1.0,5.0,,,,,,,0.0,2.0
2527,1.0,6.0,,,,,2.0,6.0,0.0,2.0
2528,1.0,5.0,,,6.0,5.0,,,0.0,2.0
2529,2.0,5.0,,,6.0,5.0,2.0,6.0,3.0,2.0
2530,2.0,6.0,,,,,2.0,5.0,0.0,2.0
2531,2.0,5.0,,,6.0,5.0,2.0,5.0,0.0,2.0
2532,2.0,4.0,,,6.0,4.0,2.0,4.0,0.0,2.0
2533,2.0,5.0,,,,,2.0,4.0,1.0,2.0
2534,3.0,5.0,,,,,2.0,5.0,2.0,2.0
2535,3.0,6.0,,,,,,,2.0,2.0
2536,3.0,6.0,,,,,,,2.0,2.0
2537,3.0,6.0,,,,,,,2.0,2.0
2538,2.0,6.0,,,,,,,0.0,2.0
2539,1.0,6.0,,,,,,,0.0,2.0
2540,1.0,6.0,,,,,,,0.0,2.0
2541,0.0,6.0,0.0,4.0,,,,,2.0,2.0
2542,1.0,6.0,,,,,,,0.0,2.0
2543,1.0,5.0,0.0,5.0,,,,,1.0,2.0
2544,1.0,5.0,,,,,,,1.0,2.0
2545,1.0,6.0,,,,,,,0.0,2.0
2546,1.0,5.0,1.0,3.0,,,,,1.0,2.0
2547,1.0,5.0,,,,,,,1.0,2.0
2548,1.0,5.0,1.0,3.0,,,,,1.0,2.0
2549,1.0,4.0,,,5.0,4.0,1.0,1.0,1.0,2.0
2550,2.0,4.0,2.0,2.0,4.0,4.0,,,1.0,1.0
2551,2.0,3.0,,,,,,,1.0,1.0
2552,1.0,3.0,,,,,1.0,2.0,1.0,1.0
2553,0.0,3.0,,,,,0.0,2.0,1.0,1.0
2554,1.0,3.0,5.0,3.0,,,,,1.0,1.0
2555,1.0,4.0,,,,,1.0,1.0,1.0,1.0
2556,2.0,4.0,,,,,,,1.0,1.0
2557,2.0,3.0,,,,,,,2.0,1.0
2558,2.0,4.0,,,,,,,1.0,1.0
2559,3.0,4.0,3.0,2.0,,,,,1.0,1.0
2560,4.0,4.0,,,4.0,5.0,,,1.0,1.0
2561,4.0,3.0,4.0,2.0,,,,,2.0,1.0
2562,4.0,3.0,,,4.0,5.0,,,2.0,1.0
2563,4.0,4.0,,,4.0,4.0,,,2.0,1.0
2564,3.0,4.0,,,,,,,1.0,1.0
2565,2.0,4.0,4.0,4.0,4.0,4.0,,,1.0,0.0
2566,2.0,3.0,,,,,,,1.0,0.0
2567,2.0,3.0,,,3.0,3.0,,,1.0,0.0
2568,2.0,4.0,,,,,,,1.0,0.0
2569,2.0,3.0,6.0,3.0,2.0,3.0,,,1.0,0.0
2570,3.0,3.0,,,2.0,3.0,,,1.0,0.0
2571,3.0,4.0,6.0,4.0,,,,,1.0,0.0
2572,4.0,4.0,,,,,,,1.0,0.0
2573,3.0,4.0,,,,,3.0,2.0,1.0,0.0
2574,3.0,4.0,6.0,4.0,,,3.0,3.0,1.0,0.0
2575,3.0,5.0,,,,,,,1.0,0.0
2576,4.0,5.0,,,,,,,2.0,0.0
2577,4.0,4.0,6.0,4.0,,,2.0,4.0,2.0,0.0
2578,4.0,5.0,6.0,5.0,,,,,2.0,0.0
2579,4.0,5.0,,,,,2.0,5.0,2.0,0.0
2580,4.0,5.0,,,,,2.0,5.0,2.0,0.0
2581,3.0,5.0,,,,,,,1.0,0.0
2582,3.0,4.0,,,2.0,4.0,1.0,4.0,2.0,0.0
2583,2.0,4.0,,,2.0,3.0,0.0,4.0,2.0,0.0
2584,2.0,5.0,,,,,,,2.0,0.0
2585,2.0,4.0,,,2.0,3.0,,,2.0,0.0
2586,1.0,4.0,,,,,,,1.0,0.0
2587,2.0,4.0,,,2.0,4.0,,,1.0,0.0
2588,2.0,5.0,,,,,,,1.0,0.0
2589,2.0,6.0,,,,,,,2.0,0.0
2590,1.0,6.0,,,1.0,3.0,1.0,2.0,0.0,0.0
2591,1.0,6.0,,,,,1.0,1.0,0.0,0.0
2592,1.0,6.0,,,,,,,2.0,0.0
2593,1.0,5.0,,,,,,,1.0,0.0
2594,2.0,5.0,,,,,,,1.0,1.0
2595,1.0,5.0,,,,,,,1.0,1.0
2596,1.0,6.0,,,,,1.0,2.0,0.0,3.0
2597,1.0,5.0,,,,,,,1.0,0.0
2598,1.0,6.0,,,,,,,2.0,1.0
2599,1.0,6.0,,,,,,,2.0,1.0
2600,1.0,6.0,,,,,,,2.0,1.0
2601,0.0,6.0,,,,,0.0,0.0,2.0,1.0
2602,0.0,6.0,,,5.0,6.0,,,2.0,1.0
2603,0.0,6.0,,,5.0,6.0,,,2.0,1.0
2604,1.0,6.0,,,,,1.0,1.0,0.0,1.0
2605,1.0,6.0,,,,,1.0,0.0,0.0,1.0
2606,1.0,6.0,,,,,1.0,1.0,0.0,1.0
2607,0.0,6.0,,,,,,,2.0,1.0
2608,0.0,6.0,,,,,,,2.0,1.0
2609,0.0,6.0,,,,,,,2.0,1.0
2610,0.0,6.0,,,,,,,2.0,1.0
2611,0.0,5.0,,,,,,,1.0,1.0
2612,0.0,5.0,,,,,,,1.0,1.0
2613,0.0,5.0,,,,,2.0,5.0,1.0,1.0
2614,0.0,6.0,,,,,2.0,6.0,3.0,1.0
2615,0.0,6.0,,,,,,,2.0,2.0
2616,0.0,6.0,,,,,,,2.0,2.0
2617,0.0,5.0,,,,,,,1.0,2.0
2618,0.0,5.0,,,,,1.0,5.0,1.0,2.0
2619,0.0,4.0,,,,,0.0,5.0,3.0,2.0
2620,0.0,3.0,,,6.0,3.0,0.0,4.0,3.0,2.0
2621,1.0,3.0,1.0,1.0,,,,,2.0,2.0
2622,2.0,3.0,,,,,,,2.0,2.0
2623,1.0,3.0,,,,,1.0,3.0,0.0,2.0
2624,0.0,3.0,0.0,2.0,,,,,3.0,2.0
2625,0.0,2.0,0.0,3.0,5.0,2.0,,,3.0,2.0
2626,1.0,2.0,,,4.0,2.0,,,0.0,2.0
2627,1.0,2.0,0.0,2.0,,,,,0.0,2.0
2628,1.0,2.0,,,,,2.0,2.0,0.0,2.0
2629,2.0,2.0,,,,,2.0,2.0,0.0,2.0
2630,2.0,1.0,0.0,1.0,,,2.0,3.0,3.0,2.0
2631,2.0,0.0,,,,,,,2.0,2.0
2632,2.0,0.0,,,,,,,2.0,2.0
2633,2.0,0.0,,,,,,,2.0,2.0
2634,2.0,0.0,,,,,,,2.0,2.0
2635,2.0,1.0,,,,,,,3.0,2.0
2636,2.0,1.0,,,,,,,3.0,2.0
2637,2.0,0.0,,,,,,,2.0,2.0
2638,3.0,0.0,,,,,,,2.0,2.0
2639,3.0,0.0,,,3.0,3.0,,,2.0,2.0
2640,3.0,1.0,,,3.0,4.0,,,3.0,2.0
2641,3.0,0.0,,,3.0,3.0,,,2.0,2.0
2642,3.0,1.0,,,3.0,2.0,,,3.0,2.0
2643,3.0,2.0,,,3.0,3.0,,,2.0,2.0
2644,3.0,3.0,,,3.0,4.0,,,2.0,2.0
2645,3.0,4.0,,,3.0,4.0,,,2.0,2.0
2646,4.0,4.0,1.0,4.0,2.0,4.0,,,2.0,2.0
2647,4.0,4.0,1.0,4.0,1.0,4.0,,,2.0,0.0
2648,3.0,4.0,0.0,4.0,,,,,2.0,2.0
2649,4.0,4.0,,,,,1.0,4.0,2.0,2.0
2650,4.0,3.0,,,2.0,3.0,,,2.0,3.0
2651,4.0,3.0,,,,,,,2.0,2.0
2652,4.0,4.0,1.0,4.0,3.0,4.0,1.0,4.0,2.0,2.0
2653,4.0,4.0,,,2.0,4.0,1.0,4.0,2.0,2.0
2654,3.0,4.0,1.0,4.0,2.0,4.0,,,2.0,2.0
2655,3.0,5.0,,,3.0,4.0,1.0,5.0,2.0,2.0
2656,2.0,5.0,,,2.0,4.0,,,2.0,2.0
2657,2.0,6.0,,,2.0,3.0,1.0,6.0,2.0,2.0
2658,1.0,6.0,,,1.0,3.0,1.0,6.0,0.0,2.0
2659,1.0,5.0,,,1.0,2.0,,,0.0,3.0
2660,2.0,5.0,,,,,2.0,6.0,3.0,3.0
2661,3.0,5.0,,,,,,,2.0,3.0
2662,2.0,5.0,,,,,,,2.0,3.0
2663,1.0,5.0,0.0,5.0,1.0,1.0,1.0,6.0,3.0,3.0
2664,1.0,6.0,,,,,1.0,5.0,0.0,3.0
2665,0.0,6.0,,,,,1.0,6.0,3.0,3.0
2666,0.0,6.0,,,,,2.0,6.0,3.0,2.0
2667,0.0,6.0,,,,,1.0,6.0,3.0,2.0
2668,0.0,5.0,,,,,,,3.0,0.0
2669,0.0,5.0,3.0,5.0,,,,,3.0,3.0
2670,1.0,5.0,,,,,,,0.0,0.0
2671,0.0,5.0,,,,,,,3.0,0.0
2672,1.0,5.0,,,3.0,5.0,3.0,5.0,0.0,1.0
2673,1.0,5.0,,,,,3.0,5.0,0.0,0.0
2674,1.0,6.0,,,,,,,0.0,1.0
2675,1.0,6.0,,,3.0,6.0,3.0,6.0,0.0,1.0
2676,2.0,6.0,,,,,4.0,6.0,0.0,1.0
2677,1.0,6.0,,,,,5.0,6.0,0.0,0.0
2678,2.0,6.0,,,,,4.0,6.0,0.0,0.0
2679,3.0,6.0,,,3.0,3.0,,,0.0,0.0
2680,3.0,5.0,,,3.0,3.0,4.0,5.0,0.0,0.0
2681,2.0,5.0,,,,,3.0,5.0,0.0,0.0
2682,2.0,5.0,,,,,,,0.0,0.0
2683,2.0,6.0,,,,,,,0.0,1.0
2684,1.0,6.0,,,,,,,0.0,0.0
2685,1.0,6.0,,,,,,,0.0,0.0
2686,1.0,6.0,,,,,,,0.0,0.0
2687,2.0,6.0,,,,,2.0,3.0,0.0,0.0
2688,2.0,6.0,,,,,,,2.0,0.0
2689,3.0,6.0,,,,,,,2.0,0.0
2690,3.0,6.0,,,,,,,2.0,0.0
2691,4.0,6.0,4.0,4.0,,,,,2.0,0.0
2692,4.0,5.0,4.0,4.0,,,,,2.0,0.0
2693,4.0,4.0,4.0,5.0,0.0,4.0,2.0,4.0,2.0,0.0
2694,4.0,5.0,5.0,5.0,0.0,5.0,,,1.0,0.0
2695,4.0,6.0,,,0.0,6.0,,,2.0,0.0
2696,3.0,6.0,,,0.0,6.0,,,2.0,0.0
2697,2.0,6.0,,,0.0,6.0,2.0,3.0,0.0,0.0
2698,2.0,5.0,6.0,5.0,,,2.0,4.0,1.0,0.0
2699,3.0,5.0,5.0,5.0,,,2.0,5.0,2.0,0.0
2700,4.0,5.0,5.0,5.0,,,2.0,5.0,2.0,0.0
2701,5.0,5.0,5.0,5.0,,,3.0,5.0,2.0,0.0
2702,6.0,5.0,5.0,5.0,,,,,1.0,0.0
2703,6.0,5.0,5.0,5.0,,,3.0,5.0,1.0,0.0
2704,6.0,6.0,,,2.0,6.0,,,0.0,0.0
2705,6.0,6.0,,,,,,,0.0,0.0
2706,6.0,6.0,,,,,,,0.0,0.0
2707,6.0,5.0,,,,,6.0,4.0,1.0,0.0
2708,6.0,6.0,,,,,6.0,4.0,0.0,3.0
2709,6.0,6.0,,,,,,,0.0,2.0
2710,6.0,6.0,,,,,,,0.0,0.0
2711,6.0,6.0,,,,,,,0.0,0.0
2712,6.0,5.0,,,1.0,5.0,5.0,5.0,1.0,0.0
2713,6.0,6.0,5.0,6.0,,,,,0.0,0.0
2714,6.0,6.0,4.0,6.0,,,6.0,4.0,0.0,0.0
2715,5.0,6.0,5.0,6.0,,,,,0.0,0.0
2716,5.0,6.0,6.0,6.0,,,,,0.0,0.0
2717,5.0,5.0,,,,,6.0,5.0,0.0,0.0
2718,5.0,6.0,6.0,6.0,,,6.0,6.0,0.0,3.0
2719,6.0,6.0,6.0,6.0,,,6.0,6.0,0.0,3.0
2720,6.0,6.0,6.0,6.0,,,6.0,6.0,0.0,3.0
2721,6.0,6.0,6.0,5.0,,,6.0,6.0,0.0,0.0
2722,6.0,5.0,6.0,4.0,,,6.0,5.0,0.0,0.0
2723,6.0,4.0,6.0,3.0,,,6.0,4.0,0.0,0.0
2724,6.0,4.0,6.0,3.0,,,6.0,3.0,1.0,0.0
2725,6.0,4.0,6.0,4.0,,,6.0,3.0,1.0,0.0
2726,5.0,4.0,6.0,4.0,,,,,0.0,3.0
2727,5.0,3.0,5.0,4.0,,,6.0,3.0,0.0,3.0
2728,5.0,3.0,5.0,4.0,,,6.0,3.0,0.0,3.0
2729,5.0,4.0,5.0,4.0,,,,,0.0,3.0
2730,4.0,4.0,4.0,4.0,4.0,0.0,,,0.0,3.0
2731,4.0,3.0,4.0,4.0,,,6.0,3.0,0.0,3.0
2732,3.0,3.0,3.0,4.0,,,6.0,3.0,0.0,3.0
2733,2.0,3.0,2.0,4.0,,,5.0,3.0,0.0,3.0
2734,1.0,3.0,,,,,4.0,3.0,0.0,3.0
2735,0.0,3.0,,,,,5.0,3.0,1.0,3.0
2736,1.0,3.0,,,,,4.0,3.0,0.0,3.0
2737,0.0,3.0,,,,,3.0,3.0,1.0,3.0
2738,0.0,3.0,,,,,2.0,3.0,1.0,3.0
2739,1.0,3.0,,,,,2.0,3.0,0.0,3.0
2740,1.0,4.0,,,,,,,1.0,3.0
2741,2.0,4.0,,,,,,,1.0,3.0
2742,2.0,5.0,,,,,,,1.0,3.0
2743,2.0,4.0,,,,,,,1.0,3.0
2744,2.0,4.0,,,2.0,0.0,,,1.0,3.0
2745,2.0,5.0,,,,,,,1.0,3.0
2746,1.0,5.0,3.0,5.0,1.0,0.0,1.0,2.0,1.0,3.0
2747,1.0,4.0,,,,,1.0,1.0,1.0,3.0
2748,1.0,5.0,,,,,,,1.0,3.0
2749,1.0,6.0,2.0,6.0,1.0,0.0,1.0,1.0,0.0,3.0
2750,2.0,6.0,2.0,5.0,,,,,2.0,3.0
2751,2.0,5.0,2.0,4.0,2.0,0.0,,,1.0,3.0
2752,2.0,4.0,2.0,5.0,2.0,1.0,,,1.0,3.0
2753,2.0,5.0,2.0,5.0,2.0,0.0,,,1.0,3.0
2754,2.0,4.0,2.0,4.0,2.0,0.0,,,1.0,3.0
2755,1.0,4.0,3.0,4.0,,,,,1.0,3.0
2756,2.0,4.0,4.0,4.0,2.0,1.0,2.0,1.0,1.0,3.0
2757,2.0,5.0,,,2.0,0.0,,,1.0,3.0
2758,1.0,5.0,,,,,,,1.0,0.0
2759,1.0,6.0,,,,,,,0.0,0.0
2760,1.0,6.0,,,,,,,0.0,0.0
2761,0.0,6.0,,,,,,,2.0,0.0
2762,0.0,5.0,,,,,,,1.0,0.0
2763,0.0,6.0,,,,,,,2.0,0.0
2764,0.0,6.0,,,,,,,2.0,0.0
2765,0.0,6.0,,,,,,,2.0,0.0
2766,0.0,6.0,,,,,,,2.0,0.0
2767,0.0,6.0,,,,,,,2.0,0.0
2768,0.0,6.0,,,,,,,2.0,0.0
2769,0.0,6.0,,,,,,,2.0,0.0
2770,0.0,6.0,,,,,,,2.0,0.0
2771,0.0,5.0,,,,,1.0,5.0,1.0,0.0
2772,1.0,5.0,,,1.0,0.0,1.0,5.0,0.0,0.0
2773,2.0,5.0,,,,,0.0,5.0,2.0,0.0
2774,2.0,4.0,,,2.0,0.0,,,2.0,0.0
2775,1.0,4.0,,,,,0.0,4.0,2.0,0.0
2776,0.0,4.0,,,,,0.0,4.0,1.0,0.0
2777,0.0,3.0,,,,,0.0,5.0,3.0,0.0
2778,0.0,4.0,,,,,0.0,6.0,3.0,0.0
2779,1.0,4.0,,,,,,,2.0,0.0
2780,1.0,4.0,,,,,0.0,4.0,2.0,0.0
2781,0.0,4.0,,,,,0.0,4.0,1.0,0.0
2782,0.0,4.0,,,,,0.0,5.0,3.0,0.0
2783,1.0,4.0,,,,,0.0,4.0,2.0,0.0
2784,1.0,3.0,,,,,0.0,3.0,2.0,0.0
2785,1.0,3.0,,,,,,,1.0,3.0
2786,1.0,3.0,,,,,,,1.0,3.0
2787,2.0,3.0,5.0,3.0,,,,,1.0,3.0
2788,3.0,3.0,,,,,,,1.0,3.0
2789,4.0,3.0,4.0,2.0,,,,,2.0,2.0
2790,4.0,4.0,4.0,1.0,,,,,1.0,2.0
2791,5.0,4.0,5.0,1.0,,,,,2.0,0.0
2792,5.0,4.0,5.0,1.0,,,,,2.0,0.0
2793,5.0,5.0,,,,,,,1.0,0.0
2794,6.0,5.0,,,,,,,1.0,1.0
2795,5.0,5.0,5.0,1.0,,,,,2.0,1.0
2796,6.0,5.0,,,6.0,3.0,,,1.0,1.0
2797,6.0,5.0,,,6.0,3.0,,,1.0,1.0
2798,6.0,6.0,,,,,,,0.0,1.0
2799,6.0,6.0,,,,,,,0.0,1.0
2800,6.0,5.0,,,,,,,1.0,1.0
2801,5.0,5.0,,,5.0,3.0,,,2.0,1.0
2802,4.0,5.0,,,,,,,1.0,2.0
2803,4.0,4.0,,,6.0,4.0,,,2.0,2.0
2804,4.0,5.0,,,,,,,1.0,2.0
2805,3.0,5.0,,,,,,,1.0,2.0
2806,3.0,6.0,,,,,,,2.0,2.0
2807,3.0,5.0,,,,,,,1.0,2.0
2808,2.0,5.0,,,,,,,1.0,2.0
2809,1.0,5.0,,,,,,,1.0,2.0
2810,1.0,4.0,1.0,1.0,,,,,1.0,2.0
2811,1.0,5.0,,,,,,,1.0,2.0
2812,1.0,6.0,,,,,1.0,0.0,0.0,2.0
2813,1.0,6.0,,,,,1.0,1.0,0.0,2.0
2814,1.0,6.0,1.0,1.0,,,1.0,1.0,0.0,2.0
2815,2.0,6.0,,,,,,,2.0,2.0
2816,3.0,6.0,,,,,,,2.0,2.0
2817,3.0,6.0,,,,,3.0,0.0,0.0,2.0
2818,3.0,6.0,,,,,,,2.0,2.0
2819,3.0,6.0,,,,,,,2.0,2.0
2820,2.0,6.0,,,,,,,0.0,2.0
2821,2.0,6.0,,,,,,,0.0,2.0
2822,2.0,6.0,,,,,2.0,0.0,0.0,2.0
2823,1.0,6.0,,,,,,,0.0,2.0
2824,1.0,6.0,,,,,,,0.0,2.0
2825,2.0,6.0,2.0,1.0,,,,,0.0,2.0
2826,2.0,5.0,,,,,,,1.0,2.0
2827,1.0,5.0,,,,,,,1.0,1.0
2828,2.0,5.0,,,,,,,1.0,2.0
2829,3.0,5.0,3.0,2.0,,,3.0,0.0,1.0,2.0
2830,3.0,5.0,,,,,,,1.0,2.0
2831,2.0,5.0,2.0,1.0,6.0,5.0,,,1.0,1.0
2832,1.0,5.0,1.0,1.0,5.0,5.0,,,1.0,1.0
2833,1.0,6.0,,,,,,,0.0,1.0
2834,1.0,5.0,1.0,1.0,4.0,5.0,,,1.0,1.0
2835,2.0,5.0,,,3.0,5.0,,,1.0,1.0
2836,1.0,5.0,1.0,2.0,2.0,5.0,,,1.0,1.0
2837,2.0,5.0,,,2.0,4.0,,,1.0,1.0
2838,3.0,5.0,,,2.0,5.0,,,1.0,1.0
2839,4.0,5.0,,,,,4.0,1.0,1.0,1.0
2840,4.0,6.0,,,2.0,6.0,4.0,2.0,0.0,1.0
2841,5.0,6.0,,,1.0,6.0,,,2.0,1.0
2842,5.0,5.0,0.0,5.0,,,,,1.0,2.0
2843,5.0,4.0,,,,,,,1.0,2.0
2844,6.0,4.0,,,,,,,1.0,2.0
2845,6.0,5.0,0.0,5.0,,,,,1.0,2.0
2846,6.0,6.0,,,1.0,6.0,,,0.0,1.0
2847,6.0,6.0,,,1.0,6.0,,,0.0,1.0
2848,6.0,6.0,,,1.0,6.0,,,0.0,1.0
2849,6.0,6.0,,,,,,,0.0,1.0
2850,5.0,6.0,,,,,5.0,1.0,0.0,2.0
2851,5.0,5.0,,,,,5.0,0.0,1.0,1.0
2852,5.0,6.0,,,3.0,6.0,,,2.0,2.0
2853,5.0,5.0,,,,,5.0,0.0,1.0,2.0
2854,5.0,4.0,,,,,5.0,1.0,1.0,2.0
2855,5.0,5.0,,,,,5.0,0.0,1.0,2.0
2856,4.0,5.0,,,,,,,1.0,2.0
2857,4.0,5.0,,,,,,,1.0,2.0
2858,4.0,4.0,,,,,,,1.0,2.0
2859,4.0,5.0,,,1.0,5.0,,,1.0,2.0
2860,4.0,5.0,,,1.0,5.0,,,1.0,2.0
2861,4.0,4.0,,,,,,,1.0,3.0
2862,4.0,4.0,,,,,,,1.0,3.0
2863,3.0,4.0,,,,,,,0.0,3.0
2864,4.0,4.0,,,,,,,1.0,0.0
2865,3.0,4.0,,,,,,,0.0,1.0
2866,3.0,4.0,,,,,,,1.0,2.0
2867,3.0,3.0,,,,,,,1.0,2.0
2868,2.0,3.0,,,2.0,6.0,,,1.0,2.0
2869,2.0,4.0,,,2.0,5.0,,,1.0,2.0
2870,2.0,5.0,1.0,5.0,3.0,5.0,,,1.0,2.0
2871,2.0,4.0,2.0,5.0,,,,,0.0,2.0
2872,1.0,4.0,,,,,,,0.0,2.0
2873,0.0,4.0,,,,,,,1.0,2.0
2874,0.0,5.0,,,4.0,5.0,,,1.0,2.0
2875,0.0,6.0,2.0,6.0,,,,,2.0,2.0
2876,0.0,6.0,2.0,6.0,,,,,2.0,2.0
2877,1.0,6.0,2.0,6.0,,,,,0.0,2.0
2878,2.0,6.0,2.0,6.0,,,,,0.0,2.0
2879,3.0,6.0,3.0,6.0,,,,,0.0,2.0
2880,3.0,6.0,2.0,6.0,,,,,0.0,2.0
2881,3.0,6.0,3.0,6.0,,,,,0.0,2.0
2882,2.0,6.0,3.0,6.0,,,,,0.0,2.0
2883,2.0,5.0,,,6.0,5.0,,,0.0,2.0
2884,3.0,5.0,,,,,,,0.0,2.0
2885,2.0,5.0,,,,,,,0.0,2.0
2886,3.0,5.0,3.0,6.0,,,,,0.0,2.0
2887,3.0,6.0,4.0,6.0,4.0,6.0,,,0.0,0.0
2888,3.0,5.0,,,,,,,0.0,2.0
2889,3.0,4.0,,,,,6.0,4.0,0.0,2.0
2890,4.0,4.0,,,,,,,0.0,2.0
2891,4.0,4.0,,,,,,,0.0,2.0
2892,5.0,4.0,,,,,,,0.0,2.0
2893,5.0,5.0,3.0,5.0,5.0,6.0,,,1.0,2.0
2894,5.0,4.0,,,5.0,6.0,,,0.0,2.0
2895,6.0,4.0,,,6.0,6.0,6.0,4.0,0.0,2.0
2896,6.0,5.0,,,6.0,6.0,6.0,4.0,1.0,2.0
2897,6.0,6.0,,,6.0,6.0,,,0.0,2.0
2898,6.0,6.0,,,6.0,5.0,,,0.0,2.0
2899,6.0,6.0,,,6.0,4.0,,,0.0,2.0
2900,6.0,5.0,,,6.0,4.0,,,1.0,2.0
2901,6.0,5.0,,,6.0,4.0,,,1.0,2.0
2902,5.0,5.0,,,,,5.0,3.0,1.0,2.0
2903,4.0,5.0,,,6.0,5.0,,,1.0,2.0
2904,3.0,5.0,,,5.0,5.0,,,1.0,2.0
2905,4.0,5.0,,,6.0,5.0,,,1.0,2.0
2906,4.0,4.0,,,,,,,0.0,1.0
2907,4.0,3.0,,,,,6.0,3.0,0.0,1.0
2908,4.0,3.0,,,,,5.0,3.0,0.0,2.0
2909,3.0,3.0,,,,,4.0,3.0,0.0,1.0
2910,3.0,3.0,,,,,5.0,3.0,0.0,2.0
2911,3.0,4.0,,,,,,,0.0,2.0
2912,4.0,4.0,2.0,4.0,,,6.0,4.0,0.0,2.0
2913,4.0,4.0,3.0,4.0,,,6.0,4.0,0.0,2.0
2914,3.0,4.0,2.0,4.0,,,6.0,4.0,0.0,2.0
2915,3.0,3.0,2.0,3.0,,,,,0.0,2.0
2916,3.0,4.0,,,,,,,0.0,2.0
2917,3.0,3.0,,,,,,,0.0,2.0
2918,4.0,3.0,,,,,4.0,4.0,3.0,2.0
2919,4.0,3.0,,,,,,,0.0,2.0
2920,4.0,4.0,3.0,4.0,6.0,4.0,4.0,4.0,0.0,2.0
2921,4.0,4.0,2.0,4.0,5.0,4.0,5.0,4.0,0.0,2.0
2922,4.0,5.0,,,,,4.0,4.0,1.0,2.0
2923,4.0,6.0,,,,,,,0.0,2.0
2924,3.0,6.0,,,,,,,0.0,2.0
2925,4.0,6.0,,,,,,,0.0,2.0
2926,4.0,6.0,,,,,,,0.0,2.0
2927,3.0,6.0,,,,,,,0.0,2.0
2928,3.0,5.0,,,,,,,1.0,2.0
2929,4.0,5.0,,,,,,,1.0,2.0
2930,4.0,5.0,,,,,,,1.0,2.0
2931,4.0,5.0,,,,,4.0,1.0,1.0,2.0
2932,4.0,6.0,,,,,4.0,1.0,0.0,2.0
2933,4.0,6.0,,,,,,,2.0,2.0
2934,4.0,6.0,,,,,,,2.0,2.0
2935,4.0,6.0,,,,,,,2.0,2.0
2936,3.0,6.0,,,,,,,2.0,2.0
2937,4.0,6.0,,,,,,,2.0,2.0
2938,5.0,6.0,,,,,,,2.0,2.0
2939,6.0,6.0,,,6.0,4.0,,,0.0,2.0
2940,6.0,6.0,,,6.0,4.0,,,0.0,2.0
2941,6.0,6.0,,,,,,,0.0,2.0
2942,6.0,6.0,,,6.0,4.0,,,0.0,2.0
2943,6.0,6.0,,,6.0,4.0,,,0.0,2.0
2944,6.0,6.0,,,6.0,3.0,,,0.0,2.0
2945,6.0,6.0,,,6.0,3.0,,,0.0,2.0
2946,6.0,6.0,,,6.0,2.0,,,0.0,2.0
2947,6.0,5.0,,,,,,,1.0,2.0
2948,6.0,4.0,,,,,,,1.0,2.0
2949,5.0,4.0,,,,,,,2.0,2.0
2950,5.0,3.0,,,,,,,2.0,2.0
2951,6.0,3.0,,,,,,,1.0,2.0
2952,6.0,3.0,,,,,,,1.0,1.0
2953,5.0,3.0,,,,,,,1.0,1.0
2954,5.0,3.0,,,,,5.0,2.0,1.0,0.0
2955,4.0,3.0,,,,,,,1.0,1.0
2956,3.0,3.0,3.0,0.0,1.0,3.0,,,1.0,1.0
2957,2.0,3.0,2.0,0.0,1.0,3.0,,,0.0,1.0
2958,1.0,3.0,,,1.0,4.0,,,0.0,1.0
2959,1.0,4.0,,,1.0,3.0,,,1.0,0.0
2960,2.0,4.0,2.0,1.0,,,,,1.0,0.0
2961,2.0,4.0,2.0,0.0,,,,,1.0,1.0
2962,2.0,4.0,2.0,0.0,,,,,1.0,0.0
2963,3.0,4.0,,,,,,,1.0,0.0
2964,3.0,5.0,,,,,,,1.0,0.0
2965,4.0,5.0,,,,,4.0,0.0,1.0,0.0
2966,4.0,5.0,,,,,4.0,0.0,1.0,3.0
2967,5.0,5.0,,,,,,,1.0,2.0
2968,5.0,6.0,,,,,,,2.0,1.0
2969,6.0,6.0,,,,,,,0.0,1.0
2970,6.0,6.0,,,,,,,0.0,1.0
2971,6.0,6.0,,,1.0,6.0,,,0.0,1.0
2972,6.0,6.0,,,,,,,0.0,1.0
2973,6.0,6.0,,,,,,,0.0,1.0
2974,6.0,6.0,,,,,,,0.0,1.0
2975,5.0,6.0,,,2.0,6.0,,,2.0,1.0
2976,5.0,6.0,,,,,,,2.0,1.0
2977,5.0,5.0,,,1.0,5.0,,,1.0,1.0
2978,6.0,5.0,,,1.0,5.0,,,1.0,1.0
2979,6.0,4.0,,,,,,,1.0,1.0
2980,6.0,4.0,,,,,,,1.0,1.0
2981,6.0,4.0,,,0.0,4.0,,,1.0,0.0
2982,6.0,5.0,,,,,,,1.0,0.0
2983,6.0,4.0,,,0.0,4.0,,,1.0,1.0
2984,6.0,4.0,,,0.0,4.0,,,1.0,1.0
2985,6.0,4.0,,,,,,,1.0,0.0
2986,6.0,4.0,,,0.0,4.0,,,1.0,1.0
2987,5.0,4.0,,,,,,,2.0,0.0
2988,5.0,5.0,,,,,,,2.0,0.0
2989,5.0,4.0,,,0.0,4.0,,,2.0,0.0
2990,5.0,3.0,,,0.0,3.0,,,2.0,0.0
2991,5.0,3.0,2.0,3.0,0.0,3.0,,,2.0,0.0
2992,5.0,2.0,,,,,1.0,2.0,2.0,0.0
2993,4.0,2.0,,,1.0,2.0,2.0,2.0,2.0,0.0
2994,4.0,3.0,2.0,3.0,,,,,1.0,3.0
2995,4.0,2.0,,,1.0,2.0,4.0,2.0,0.0,0.0
2996,5.0,2.0,,,,,3.0,2.0,2.0,3.0
2997,5.0,2.0,,,,,4.0,2.0,2.0,3.0
2998,4.0,2.0,4.0,5.0,,,4.0,1.0,1.0,3.0
2999,4.0,3.0,,,,,,,1.0,3.0
